week_start,sku_id,store_id,region,units,price_in_cents,inventory_on_hand,load_ts,source_file
2023-01-02,S001,C001,EAST,16,1273,40,2023-01-03 02:00:00,erp_export_v1.csv
2023-01-02,S002,C001,EAST,28,2432,49,2023-01-03 02:00:00,erp_export_v1.csv
2023-01-02,S003,C001,EAST,43,1969,69,2023-01-03 02:00:00,erp_export_v1.csv
2023-01-02,S004,C001,EAST,40,1698,96,2023-01-03 02:00:00,erp_export_v1.csv
2023-01-02,S005,C001,EAST,43,720,66,2023-01-03 02:00:00,erp_export_v1.csv
2023-01-02,S001,C002,NORTH,27,1261,67,2023-01-03 02:00:00,erp_export_v1.csv
2023-01-02,S002,C002,NORTH,39,2433,88,2023-01-03 02:00:00,erp_export_v1.csv
2023-01-02,S003,C002,NORTH,43,1986,72,2023-01-03 02:00:00,erp_export_v1.csv
2023-01-02,S004,C002,NORTH,49,1677,107,2023-01-03 02:00:00,erp_export_v1.csv
2023-01-02,S005,C002,NORTH,79,738,110,2023-01-03 02:00:00,erp_export_v1.csv
2023-01-02,S001,C003,WEST,28,1247,61,2023-01-03 02:00:00,erp_export_v1.csv
2023-01-02,S002,C003,WEST,31,2432,80,2023-01-03 02:00:00,erp_export_v1.csv
2023-01-02,S003,C003,WEST,48,1955,104,2023-01-03 02:00:00,erp_export_v1.csv
2023-01-02,S004,C003,WEST,49,1690,100,2023-01-03 02:00:00,erp_export_v1.csv
2023-01-02,S005,C003,WEST,65,804,94,2023-01-03 02:00:00,erp_export_v1.csv
2023-01-09,S001,C001,EAST,24,1249,82,2023-01-10 02:00:00,erp_export_v1.csv
2023-01-09,S002,C001,EAST,30,2380,54,2023-01-10 02:00:00,erp_export_v1.csv
2023-01-09,S003,C001,EAST,31,2001,73,2023-01-10 02:00:00,erp_export_v1.csv
2023-01-09,S004,C001,EAST,62,1512,95,2023-01-10 02:00:00,erp_export_v1.csv
2023-01-09,S005,C001,EAST,47,720,94,2023-01-10 02:00:00,erp_export_v1.csv
2023-01-09,S001,C002,NORTH,25,1234,68,2023-01-10 02:00:00,erp_export_v1.csv
2023-01-09,S002,C002,NORTH,28,2394,82,2023-01-10 02:00:00,erp_export_v1.csv
2023-01-09,S003,C002,NORTH,38,1934,67,2023-01-10 02:00:00,erp_export_v1.csv
2023-01-09,S004,C002,NORTH,62,1709,96,2023-01-10 02:00:00,erp_export_v1.csv
2023-01-09,S005,C002,NORTH,71,724,98,2023-01-10 02:00:00,erp_export_v1.csv
2023-01-09,S001,C003,WEST,58,1143,89,2023-01-10 02:00:00,erp_export_v1.csv
2023-01-09,S002,C003,WEST,39,2372,87,2023-01-10 02:00:00,erp_export_v1.csv
2023-01-09,S003,C003,WEST,59,1940,89,2023-01-10 02:00:00,erp_export_v1.csv
2023-01-09,S004,C003,WEST,49,1680,82,2023-01-10 02:00:00,erp_export_v1.csv
2023-01-09,S005,C003,WEST,77,804,106,2023-01-10 02:00:00,erp_export_v1.csv
2023-01-16,S001,C001,EAST,32,1131,61,2023-01-17 02:00:00,erp_export_v1.csv
2023-01-16,S002,C001,EAST,35,2154,87,2023-01-17 02:00:00,erp_export_v1.csv
2023-01-16,S003,C001,EAST,55,1736,109,2023-01-17 02:00:00,erp_export_v1.csv
2023-01-16,S004,C001,EAST,55,1533,80,2023-01-17 02:00:00,erp_export_v1.csv
2023-01-16,S005,C001,EAST,58,729,83,2023-01-17 02:00:00,erp_export_v1.csv
2023-01-16,S001,C002,NORTH,38,1144,69,2023-01-17 02:00:00,erp_export_v1.csv
2023-01-16,S002,C002,NORTH,49,2152,105,2023-01-17 02:00:00,erp_export_v1.csv
2023-01-16,S003,C002,NORTH,54,1751,102,2023-01-17 02:00:00,erp_export_v1.csv
2023-01-16,S004,C002,NORTH,55,1545,103,2023-01-17 02:00:00,erp_export_v1.csv
2023-01-16,S005,C002,NORTH,77,734,98,2023-01-17 02:00:00,erp_export_v1.csv
2023-01-16,S001,C003,WEST,46,1119,76,2023-01-17 02:00:00,erp_export_v1.csv
2023-01-16,S002,C003,WEST,40,2383,68,2023-01-17 02:00:00,erp_export_v1.csv
2023-01-16,S003,C003,WEST,76,1757,124,2023-01-17 02:00:00,erp_export_v1.csv
2023-01-16,S004,C003,WEST,54,1693,102,2023-01-17 02:00:00,erp_export_v1.csv
2023-01-16,S005,C003,WEST,70,806,90,2023-01-17 02:00:00,erp_export_v1.csv
2023-01-23,S001,C001,EAST,31,1144,82,2023-01-24 02:00:00,erp_export_v1.csv
2023-01-23,S002,C001,EAST,48,2179,81,2023-01-24 02:00:00,erp_export_v1.csv
2023-01-23,S003,C001,EAST,46,1735,96,2023-01-24 02:00:00,erp_export_v1.csv
2023-01-23,S004,C001,EAST,60,1521,114,2023-01-24 02:00:00,erp_export_v1.csv
2023-01-23,S005,C001,EAST,50,808,74,2023-01-24 02:00:00,erp_export_v1.csv
2023-01-23,S001,C002,NORTH,40,1108,63,2023-01-24 02:00:00,erp_export_v1.csv
2023-01-23,S002,C002,NORTH,42,2147,84,2023-01-24 02:00:00,erp_export_v1.csv
2023-01-23,S003,C002,NORTH,59,1769,116,2023-01-24 02:00:00,erp_export_v1.csv
2023-01-23,S004,C002,NORTH,56,1514,85,2023-01-24 02:00:00,erp_export_v1.csv
2023-01-23,S005,C002,NORTH,55,812,89,2023-01-24 02:00:00,erp_export_v1.csv
2023-01-23,S001,C003,WEST,51,1111,99,2023-01-24 02:00:00,erp_export_v1.csv
2023-01-23,S002,C003,WEST,39,2376,73,2023-01-24 02:00:00,erp_export_v1.csv
2023-01-23,S003,C003,WEST,54,1798,98,2023-01-24 02:00:00,erp_export_v1.csv
2023-01-23,S004,C003,WEST,37,1691,70,2023-01-24 02:00:00,erp_export_v1.csv
2023-01-23,S005,C003,WEST,68,801,108,2023-01-24 02:00:00,erp_export_v1.csv
2023-01-30,S001,C001,EAST,34,1232,77,2023-01-31 02:00:00,erp_export_v1.csv
2023-01-30,S002,C001,EAST,40,2131,95,2023-01-31 02:00:00,erp_export_v1.csv
2023-01-30,S003,C001,EAST,36,1963,58,2023-01-31 02:00:00,erp_export_v1.csv
2023-01-30,S004,C001,EAST,47,1716,102,2023-01-31 02:00:00,erp_export_v1.csv
2023-01-30,S005,C001,EAST,55,798,85,2023-01-31 02:00:00,erp_export_v1.csv
2023-01-30,S001,C002,NORTH,31,1258,83,2023-01-31 02:00:00,erp_export_v1.csv
2023-01-30,S002,C002,NORTH,46,2390,83,2023-01-31 02:00:00,erp_export_v1.csv
2023-01-30,S003,C002,NORTH,68,1751,104,2023-01-31 02:00:00,erp_export_v1.csv
2023-01-30,S004,C002,NORTH,85,1524,114,2023-01-31 02:00:00,erp_export_v1.csv
2023-01-30,S005,C002,NORTH,60,800,105,2023-01-31 02:00:00,erp_export_v1.csv
2023-01-30,S001,C003,WEST,49,1240,76,2023-01-31 02:00:00,erp_export_v1.csv
2023-01-30,S002,C003,WEST,53,2432,90,2023-01-31 02:00:00,erp_export_v1.csv
2023-01-30,S003,C003,WEST,71,1750,121,2023-01-31 02:00:00,erp_export_v1.csv
2023-01-30,S004,C003,WEST,47,1703,95,2023-01-31 02:00:00,erp_export_v1.csv
2023-01-30,S005,C003,WEST,75,802,105,2023-01-31 02:00:00,erp_export_v1.csv
2023-02-06,S001,C001,EAST,47,1267,98,2023-02-07 02:00:00,erp_export_v1.csv
2023-02-06,S002,C001,EAST,39,2388,68,2023-02-07 02:00:00,erp_export_v1.csv
2023-02-06,S003,C001,EAST,53,1982,111,2023-02-07 02:00:00,erp_export_v1.csv
2023-02-06,S004,C001,EAST,50,1675,79,2023-02-07 02:00:00,erp_export_v1.csv
2023-02-06,S005,C001,EAST,69,805,111,2023-02-07 02:00:00,erp_export_v1.csv
2023-02-06,S001,C002,NORTH,42,1267,100,2023-02-07 02:00:00,erp_export_v1.csv
2023-02-06,S002,C002,NORTH,48,2405,105,2023-02-07 02:00:00,erp_export_v1.csv
2023-02-06,S003,C002,NORTH,49,1985,98,2023-02-07 02:00:00,erp_export_v1.csv
2023-02-06,S004,C002,NORTH,56,1713,101,2023-02-07 02:00:00,erp_export_v1.csv
2023-02-06,S005,C002,NORTH,74,810,131,2023-02-07 02:00:00,erp_export_v1.csv
2023-02-06,S001,C003,WEST,55,1241,95,2023-02-07 02:00:00,erp_export_v1.csv
2023-02-06,S002,C003,WEST,60,2356,113,2023-02-07 02:00:00,erp_export_v1.csv
2023-02-06,S003,C003,WEST,70,1942,98,2023-02-07 02:00:00,erp_export_v1.csv
2023-02-06,S004,C003,WEST,78,1719,134,2023-02-07 02:00:00,erp_export_v1.csv
2023-02-06,S005,C003,WEST,92,812,119,2023-02-07 02:00:00,erp_export_v1.csv
2023-02-13,S001,C001,EAST,40,1243,92,2023-02-14 02:00:00,erp_export_v1.csv
2023-02-13,S002,C001,EAST,35,2372,94,2023-02-14 02:00:00,erp_export_v1.csv
2023-02-13,S003,C001,EAST,37,1987,81,2023-02-14 02:00:00,erp_export_v1.csv
2023-02-13,S004,C001,EAST,45,1673,69,2023-02-14 02:00:00,erp_export_v1.csv
2023-02-13,S005,C001,EAST,46,800,72,2023-02-14 02:00:00,erp_export_v1.csv
2023-02-13,S001,C002,NORTH,38,1228,63,2023-02-14 02:00:00,erp_export_v1.csv
2023-02-13,S002,C002,NORTH,47,2430,69,2023-02-14 02:00:00,erp_export_v1.csv
2023-02-13,S003,C002,NORTH,46,1959,97,2023-02-14 02:00:00,erp_export_v1.csv
2023-02-13,S004,C002,NORTH,57,1698,83,2023-02-14 02:00:00,erp_export_v1.csv
2023-02-13,S005,C002,NORTH,63,820,83,2023-02-14 02:00:00,erp_export_v1.csv
2023-02-13,S001,C003,WEST,52,1255,90,2023-02-14 02:00:00,erp_export_v1.csv
2023-02-13,S002,C003,WEST,48,2369,98,2023-02-14 02:00:00,erp_export_v1.csv
2023-02-13,S003,C003,WEST,51,1967,85,2023-02-14 02:00:00,erp_export_v1.csv
2023-02-13,S004,C003,WEST,73,1691,109,2023-02-14 02:00:00,erp_export_v1.csv
2023-02-13,S005,C003,WEST,67,819,107,2023-02-14 02:00:00,erp_export_v1.csv
2023-02-20,S001,C001,EAST,29,1271,51,2023-02-21 02:00:00,erp_export_v1.csv
2023-02-20,S002,C001,EAST,41,2418,77,2023-02-21 02:00:00,erp_export_v1.csv
2023-02-20,S003,C001,EAST,46,1958,67,2023-02-21 02:00:00,erp_export_v1.csv
2023-02-20,S004,C001,EAST,42,1711,81,2023-02-21 02:00:00,erp_export_v1.csv
2023-02-20,S005,C001,EAST,57,812,115,2023-02-21 02:00:00,erp_export_v1.csv
2023-02-20,S001,C002,NORTH,42,1231,83,2023-02-21 02:00:00,erp_export_v1.csv
2023-02-20,S002,C002,NORTH,41,2426,83,2023-02-21 02:00:00,erp_export_v1.csv
2023-02-20,S003,C002,NORTH,45,1965,76,2023-02-21 02:00:00,erp_export_v1.csv
2023-02-20,S004,C002,NORTH,51,1696,86,2023-02-21 02:00:00,erp_export_v1.csv
2023-02-20,S005,C002,NORTH,64,811,96,2023-02-21 02:00:00,erp_export_v1.csv
2023-02-20,S001,C003,WEST,35,1255,91,2023-02-21 02:00:00,erp_export_v1.csv
2023-02-20,S002,C003,WEST,53,2436,91,2023-02-21 02:00:00,erp_export_v1.csv
2023-02-20,S003,C003,WEST,61,1936,90,2023-02-21 02:00:00,erp_export_v1.csv
2023-02-20,S004,C003,WEST,60,1726,118,2023-02-21 02:00:00,erp_export_v1.csv
2023-02-20,S005,C003,WEST,83,799,114,2023-02-21 02:00:00,erp_export_v1.csv
2023-02-27,S001,C001,EAST,36,1234,84,2023-02-28 02:00:00,erp_export_v1.csv
2023-02-27,S002,C001,EAST,28,2411,82,2023-02-28 02:00:00,erp_export_v1.csv
2023-02-27,S003,C001,EAST,43,1987,101,2023-02-28 02:00:00,erp_export_v1.csv
2023-02-27,S004,C001,EAST,46,1687,77,2023-02-28 02:00:00,erp_export_v1.csv
2023-02-27,S005,C001,EAST,66,723,114,2023-02-28 02:00:00,erp_export_v1.csv
2023-02-27,S001,C002,NORTH,43,1247,101,2023-02-28 02:00:00,erp_export_v1.csv
2023-02-27,S002,C002,NORTH,40,2389,95,2023-02-28 02:00:00,erp_export_v1.csv
2023-02-27,S003,C002,NORTH,59,1995,111,2023-02-28 02:00:00,erp_export_v1.csv
2023-02-27,S004,C002,NORTH,61,1710,106,2023-02-28 02:00:00,erp_export_v1.csv
2023-02-27,S005,C002,NORTH,69,798,103,2023-02-28 02:00:00,erp_export_v1.csv
2023-02-27,S001,C003,WEST,51,1238,106,2023-02-28 02:00:00,erp_export_v1.csv
2023-02-27,S002,C003,WEST,49,2412,92,2023-02-28 02:00:00,erp_export_v1.csv
2023-02-27,S003,C003,WEST,52,1929,109,2023-02-28 02:00:00,erp_export_v1.csv
2023-02-27,S004,C003,WEST,63,1731,87,2023-02-28 02:00:00,erp_export_v1.csv
2023-02-27,S005,C003,WEST,76,820,117,2023-02-28 02:00:00,erp_export_v1.csv
2023-03-06,S001,C001,EAST,20,1225,74,2023-03-07 02:00:00,erp_export_v1.csv
2023-03-06,S002,C001,EAST,34,2433,67,2023-03-07 02:00:00,erp_export_v1.csv
2023-03-06,S003,C001,EAST,32,1962,67,2023-03-07 02:00:00,erp_export_v1.csv
2023-03-06,S004,C001,EAST,48,1718,95,2023-03-07 02:00:00,erp_export_v1.csv
2023-03-06,S005,C001,EAST,77,729,133,2023-03-07 02:00:00,erp_export_v1.csv
2023-03-06,S001,C002,NORTH,50,1125,79,2023-03-07 02:00:00,erp_export_v1.csv
2023-03-06,S002,C002,NORTH,42,2402,89,2023-03-07 02:00:00,erp_export_v1.csv
2023-03-06,S003,C002,NORTH,54,1941,77,2023-03-07 02:00:00,erp_export_v1.csv
2023-03-06,S004,C002,NORTH,61,1668,118,2023-03-07 02:00:00,erp_export_v1.csv
2023-03-06,S005,C002,NORTH,75,828,118,2023-03-07 02:00:00,erp_export_v1.csv
2023-03-06,S001,C003,WEST,78,1134,133,2023-03-07 02:00:00,erp_export_v1.csv
2023-03-06,S002,C003,WEST,53,2372,103,2023-03-07 02:00:00,erp_export_v1.csv
2023-03-06,S003,C003,WEST,60,1955,99,2023-03-07 02:00:00,erp_export_v1.csv
2023-03-06,S004,C003,WEST,62,1689,118,2023-03-07 02:00:00,erp_export_v1.csv
2023-03-06,S005,C003,WEST,106,743,149,2023-03-07 02:00:00,erp_export_v1.csv
2023-03-13,S001,C001,EAST,28,1243,57,2023-03-14 02:00:00,erp_export_v1.csv
2023-03-13,S002,C001,EAST,43,2198,84,2023-03-14 02:00:00,erp_export_v1.csv
2023-03-13,S003,C001,EAST,65,1762,89,2023-03-14 02:00:00,erp_export_v1.csv
2023-03-13,S004,C001,EAST,77,1530,116,2023-03-14 02:00:00,erp_export_v1.csv
2023-03-13,S005,C001,EAST,66,802,92,2023-03-14 02:00:00,erp_export_v1.csv
2023-03-13,S001,C002,NORTH,50,1141,95,2023-03-14 02:00:00,erp_export_v1.csv
2023-03-13,S002,C002,NORTH,43,2438,63,2023-03-14 02:00:00,erp_export_v1.csv
2023-03-13,S003,C002,NORTH,83,1799,136,2023-03-14 02:00:00,erp_export_v1.csv
2023-03-13,S004,C002,NORTH,45,1710,83,2023-03-14 02:00:00,erp_export_v1.csv
2023-03-13,S005,C002,NORTH,54,808,101,2023-03-14 02:00:00,erp_export_v1.csv
2023-03-13,S001,C003,WEST,54,1105,101,2023-03-14 02:00:00,erp_export_v1.csv
2023-03-13,S002,C003,WEST,56,2406,79,2023-03-14 02:00:00,erp_export_v1.csv
2023-03-13,S003,C003,WEST,60,1927,87,2023-03-14 02:00:00,erp_export_v1.csv
2023-03-13,S004,C003,WEST,85,1510,113,2023-03-14 02:00:00,erp_export_v1.csv
2023-03-13,S005,C003,WEST,102,737,159,2023-03-14 02:00:00,erp_export_v1.csv
2023-03-20,S001,C001,EAST,27,1259,57,2023-03-21 02:00:00,erp_export_v1.csv
2023-03-20,S002,C001,EAST,58,2187,112,2023-03-21 02:00:00,erp_export_v1.csv
2023-03-20,S003,C001,EAST,65,1765,114,2023-03-21 02:00:00,erp_export_v1.csv
2023-03-20,S004,C001,EAST,62,1529,101,2023-03-21 02:00:00,erp_export_v1.csv
2023-03-20,S005,C001,EAST,57,802,98,2023-03-21 02:00:00,erp_export_v1.csv
2023-03-20,S001,C002,NORTH,34,1250,93,2023-03-21 02:00:00,erp_export_v1.csv
2023-03-20,S002,C002,NORTH,60,2403,97,2023-03-21 02:00:00,erp_export_v1.csv
2023-03-20,S003,C002,NORTH,71,1766,116,2023-03-21 02:00:00,erp_export_v1.csv
2023-03-20,S004,C002,NORTH,63,1681,116,2023-03-21 02:00:00,erp_export_v1.csv
2023-03-20,S005,C002,NORTH,60,804,100,2023-03-21 02:00:00,erp_export_v1.csv
2023-03-20,S001,C003,WEST,53,1139,84,2023-03-21 02:00:00,erp_export_v1.csv
2023-03-20,S002,C003,WEST,55,2377,91,2023-03-21 02:00:00,erp_export_v1.csv
2023-03-20,S003,C003,WEST,63,1994,96,2023-03-21 02:00:00,erp_export_v1.csv
2023-03-20,S004,C003,WEST,96,1514,149,2023-03-21 02:00:00,erp_export_v1.csv
2023-03-20,S005,C003,WEST,102,717,138,2023-03-21 02:00:00,erp_export_v1.csv
2023-03-27,S001,C001,EAST,48,1264,103,2023-03-28 02:00:00,erp_export_v1.csv
2023-03-27,S002,C001,EAST,55,2175,100,2023-03-28 02:00:00,erp_export_v1.csv
2023-03-27,S003,C001,EAST,64,1971,84,2023-03-28 02:00:00,erp_export_v1.csv
2023-03-27,S004,C001,EAST,46,1678,102,2023-03-28 02:00:00,erp_export_v1.csv
2023-03-27,S005,C001,EAST,94,800,134,2023-03-28 02:00:00,erp_export_v1.csv
2023-03-27,S001,C002,NORTH,56,1247,103,2023-03-28 02:00:00,erp_export_v1.csv
2023-03-27,S002,C002,NORTH,60,2360,90,2023-03-28 02:00:00,erp_export_v1.csv
2023-03-27,S003,C002,NORTH,60,1976,90,2023-03-28 02:00:00,erp_export_v1.csv
2023-03-27,S004,C002,NORTH,81,1701,109,2023-03-28 02:00:00,erp_export_v1.csv
2023-03-27,S005,C002,NORTH,98,816,123,2023-03-28 02:00:00,erp_export_v1.csv
2023-03-27,S001,C003,WEST,48,1270,94,2023-03-28 02:00:00,erp_export_v1.csv
2023-03-27,S002,C003,WEST,61,2426,82,2023-03-28 02:00:00,erp_export_v1.csv
2023-03-27,S003,C003,WEST,100,1932,157,2023-03-28 02:00:00,erp_export_v1.csv
2023-03-27,S004,C003,WEST,78,1668,115,2023-03-28 02:00:00,erp_export_v1.csv
2023-03-27,S005,C003,WEST,103,806,130,2023-03-28 02:00:00,erp_export_v1.csv
2023-04-03,S001,C001,EAST,26,1264,80,2023-04-04 02:00:00,erp_export_v1.csv
2023-04-03,S002,C001,EAST,48,2409,85,2023-04-04 02:00:00,erp_export_v1.csv
2023-04-03,S003,C001,EAST,55,1933,98,2023-04-04 02:00:00,erp_export_v1.csv
2023-04-03,S004,C001,EAST,64,1697,97,2023-04-04 02:00:00,erp_export_v1.csv
2023-04-03,S005,C001,EAST,63,813,83,2023-04-04 02:00:00,erp_export_v1.csv
2023-04-03,S001,C002,NORTH,43,1227,65,2023-04-04 02:00:00,erp_export_v1.csv
2023-04-03,S002,C002,NORTH,42,2411,95,2023-04-04 02:00:00,erp_export_v1.csv
2023-04-03,S003,C002,NORTH,73,1953,118,2023-04-04 02:00:00,erp_export_v1.csv
2023-04-03,S004,C002,NORTH,66,1684,121,2023-04-04 02:00:00,erp_export_v1.csv
2023-04-03,S005,C002,NORTH,67,812,115,2023-04-04 02:00:00,erp_export_v1.csv
2023-04-03,S001,C003,WEST,34,1254,77,2023-04-04 02:00:00,erp_export_v1.csv
2023-04-03,S002,C003,WEST,55,2359,85,2023-04-04 02:00:00,erp_export_v1.csv
2023-04-03,S003,C003,WEST,63,1951,98,2023-04-04 02:00:00,erp_export_v1.csv
2023-04-03,S004,C003,WEST,77,1711,100,2023-04-04 02:00:00,erp_export_v1.csv
2023-04-03,S005,C003,WEST,75,805,133,2023-04-04 02:00:00,erp_export_v1.csv
2023-04-10,S001,C001,EAST,30,1263,73,2023-04-11 02:00:00,erp_export_v1.csv
2023-04-10,S002,C001,EAST,44,2389,101,2023-04-11 02:00:00,erp_export_v1.csv
2023-04-10,S003,C001,EAST,51,1971,109,2023-04-11 02:00:00,erp_export_v1.csv
2023-04-10,S004,C001,EAST,55,1696,108,2023-04-11 02:00:00,erp_export_v1.csv
2023-04-10,S005,C001,EAST,53,816,90,2023-04-11 02:00:00,erp_export_v1.csv
2023-04-10,S001,C002,NORTH,48,1249,73,2023-04-11 02:00:00,erp_export_v1.csv
2023-04-10,S002,C002,NORTH,53,2407,103,2023-04-11 02:00:00,erp_export_v1.csv
2023-04-10,S003,C002,NORTH,46,1974,75,2023-04-11 02:00:00,erp_export_v1.csv
2023-04-10,S004,C002,NORTH,55,1675,93,2023-04-11 02:00:00,erp_export_v1.csv
2023-04-10,S005,C002,NORTH,67,799,94,2023-04-11 02:00:00,erp_export_v1.csv
2023-04-10,S001,C003,WEST,41,1270,63,2023-04-11 02:00:00,erp_export_v1.csv
2023-04-10,S002,C003,WEST,62,2418,83,2023-04-11 02:00:00,erp_export_v1.csv
2023-04-10,S003,C003,WEST,71,1931,102,2023-04-11 02:00:00,erp_export_v1.csv
2023-04-10,S004,C003,WEST,71,1689,122,2023-04-11 02:00:00,erp_export_v1.csv
2023-04-10,S005,C003,WEST,79,798,130,2023-04-11 02:00:00,erp_export_v1.csv
2023-04-17,S001,C001,EAST,39,1236,71,2023-04-18 02:00:00,erp_export_v1.csv
2023-04-17,S002,C001,EAST,39,2408,75,2023-04-18 02:00:00,erp_export_v1.csv
2023-04-17,S003,C001,EAST,44,1938,67,2023-04-18 02:00:00,erp_export_v1.csv
2023-04-17,S004,C001,EAST,47,1702,89,2023-04-18 02:00:00,erp_export_v1.csv
2023-04-17,S005,C001,EAST,42,808,72,2023-04-18 02:00:00,erp_export_v1.csv
2023-04-17,S001,C002,NORTH,35,1244,73,2023-04-18 02:00:00,erp_export_v1.csv
2023-04-17,S002,C002,NORTH,49,2400,92,2023-04-18 02:00:00,erp_export_v1.csv
2023-04-17,S003,C002,NORTH,49,2002,76,2023-04-18 02:00:00,erp_export_v1.csv
2023-04-17,S004,C002,NORTH,49,1727,90,2023-04-18 02:00:00,erp_export_v1.csv
2023-04-17,S005,C002,NORTH,62,798,108,2023-04-18 02:00:00,erp_export_v1.csv
2023-04-17,S001,C003,WEST,39,1257,84,2023-04-18 02:00:00,erp_export_v1.csv
2023-04-17,S002,C003,WEST,59,2353,98,2023-04-18 02:00:00,erp_export_v1.csv
2023-04-17,S003,C003,WEST,68,1938,110,2023-04-18 02:00:00,erp_export_v1.csv
2023-04-17,S004,C003,WEST,76,1714,101,2023-04-18 02:00:00,erp_export_v1.csv
2023-04-17,S005,C003,WEST,90,804,141,2023-04-18 02:00:00,erp_export_v1.csv
2023-04-24,S001,C001,EAST,36,1243,75,2023-04-25 02:00:00,erp_export_v1.csv
2023-04-24,S002,C001,EAST,47,2405,106,2023-04-25 02:00:00,erp_export_v1.csv
2023-04-24,S003,C001,EAST,63,1768,92,2023-04-25 02:00:00,erp_export_v1.csv
2023-04-24,S004,C001,EAST,54,1665,89,2023-04-25 02:00:00,erp_export_v1.csv
2023-04-24,S005,C001,EAST,55,799,100,2023-04-25 02:00:00,erp_export_v1.csv
2023-04-24,S001,C002,NORTH,37,1233,64,2023-04-25 02:00:00,erp_export_v1.csv
2023-04-24,S002,C002,NORTH,43,2356,89,2023-04-25 02:00:00,erp_export_v1.csv
2023-04-24,S003,C002,NORTH,56,1978,76,2023-04-25 02:00:00,erp_export_v1.csv
2023-04-24,S004,C002,NORTH,76,1715,131,2023-04-25 02:00:00,erp_export_v1.csv
2023-04-24,S005,C002,NORTH,99,741,145,2023-04-25 02:00:00,erp_export_v1.csv
2023-04-24,S001,C003,WEST,47,1233,90,2023-04-25 02:00:00,erp_export_v1.csv
2023-04-24,S002,C003,WEST,48,2375,107,2023-04-25 02:00:00,erp_export_v1.csv
2023-04-24,S003,C003,WEST,79,1955,112,2023-04-25 02:00:00,erp_export_v1.csv
2023-04-24,S004,C003,WEST,58,1714,101,2023-04-25 02:00:00,erp_export_v1.csv
2023-04-24,S005,C003,WEST,87,810,129,2023-04-25 02:00:00,erp_export_v1.csv
2023-05-01,S001,C001,EAST,37,1269,92,2023-05-02 02:00:00,erp_export_v1.csv
2023-05-01,S002,C001,EAST,32,2394,54,2023-05-02 02:00:00,erp_export_v1.csv
2023-05-01,S003,C001,EAST,41,1735,63,2023-05-02 02:00:00,erp_export_v1.csv
2023-05-01,S004,C001,EAST,84,1507,124,2023-05-02 02:00:00,erp_export_v1.csv
2023-05-01,S005,C001,EAST,64,723,101,2023-05-02 02:00:00,erp_export_v1.csv
2023-05-01,S001,C002,NORTH,33,1253,73,2023-05-02 02:00:00,erp_export_v1.csv
2023-05-01,S002,C002,NORTH,37,2426,71,2023-05-02 02:00:00,erp_export_v1.csv
2023-05-01,S003,C002,NORTH,67,1753,117,2023-05-02 02:00:00,erp_export_v1.csv
2023-05-01,S004,C002,NORTH,64,1691,87,2023-05-02 02:00:00,erp_export_v1.csv
2023-05-01,S005,C002,NORTH,83,728,137,2023-05-02 02:00:00,erp_export_v1.csv
2023-05-01,S001,C003,WEST,50,1227,84,2023-05-02 02:00:00,erp_export_v1.csv
2023-05-01,S002,C003,WEST,66,2174,122,2023-05-02 02:00:00,erp_export_v1.csv
2023-05-01,S003,C003,WEST,56,1938,103,2023-05-02 02:00:00,erp_export_v1.csv
2023-05-01,S004,C003,WEST,69,1546,101,2023-05-02 02:00:00,erp_export_v1.csv
2023-05-01,S005,C003,WEST,91,729,131,2023-05-02 02:00:00,erp_export_v1.csv
2023-05-08,S001,C001,EAST,22,1271,60,2023-05-09 02:00:00,erp_export_v1.csv
2023-05-08,S002,C001,EAST,39,2366,73,2023-05-09 02:00:00,erp_export_v1.csv
2023-05-08,S003,C001,EAST,66,1777,108,2023-05-09 02:00:00,erp_export_v1.csv
2023-05-08,S004,C001,EAST,53,1524,77,2023-05-09 02:00:00,erp_export_v1.csv
2023-05-08,S005,C001,EAST,74,728,131,2023-05-09 02:00:00,erp_export_v1.csv
2023-05-08,S001,C002,NORTH,33,1234,92,2023-05-09 02:00:00,erp_export_v1.csv
2023-05-08,S002,C002,NORTH,44,2433,100,2023-05-09 02:00:00,erp_export_v1.csv
2023-05-08,S003,C002,NORTH,75,1743,99,2023-05-09 02:00:00,erp_export_v1.csv
2023-05-08,S004,C002,NORTH,97,1554,126,2023-05-09 02:00:00,erp_export_v1.csv
2023-05-08,S005,C002,NORTH,98,725,152,2023-05-09 02:00:00,erp_export_v1.csv
2023-05-08,S001,C003,WEST,42,1236,95,2023-05-09 02:00:00,erp_export_v1.csv
2023-05-08,S002,C003,WEST,73,2128,119,2023-05-09 02:00:00,erp_export_v1.csv
2023-05-08,S003,C003,WEST,63,1963,122,2023-05-09 02:00:00,erp_export_v1.csv
2023-05-08,S004,C003,WEST,100,1547,136,2023-05-09 02:00:00,erp_export_v1.csv
2023-05-08,S005,C003,WEST,96,728,135,2023-05-09 02:00:00,erp_export_v1.csv
2023-05-15,S001,C001,EAST,30,1229,61,2023-05-16 02:00:00,erp_export_v1.csv
2023-05-15,S002,C001,EAST,44,2424,90,2023-05-16 02:00:00,erp_export_v1.csv
2023-05-15,S003,C001,EAST,40,1979,83,2023-05-16 02:00:00,erp_export_v1.csv
2023-05-15,S004,C001,EAST,87,1537,132,2023-05-16 02:00:00,erp_export_v1.csv
2023-05-15,S005,C001,EAST,71,720,107,2023-05-16 02:00:00,erp_export_v1.csv
2023-05-15,S001,C002,NORTH,37,1252,58,2023-05-16 02:00:00,erp_export_v1.csv
2023-05-15,S002,C002,NORTH,59,2438,82,2023-05-16 02:00:00,erp_export_v1.csv
2023-05-15,S003,C002,NORTH,68,1735,120,2023-05-16 02:00:00,erp_export_v1.csv
2023-05-15,S004,C002,NORTH,76,1508,127,2023-05-16 02:00:00,erp_export_v1.csv
2023-05-15,S005,C002,NORTH,79,806,113,2023-05-16 02:00:00,erp_export_v1.csv
2023-05-15,S001,C003,WEST,50,1262,73,2023-05-16 02:00:00,erp_export_v1.csv
2023-05-15,S002,C003,WEST,56,2399,77,2023-05-16 02:00:00,erp_export_v1.csv
2023-05-15,S003,C003,WEST,63,1926,116,2023-05-16 02:00:00,erp_export_v1.csv
2023-05-15,S004,C003,WEST,103,1497,156,2023-05-16 02:00:00,erp_export_v1.csv
2023-05-15,S005,C003,WEST,101,733,144,2023-05-16 02:00:00,erp_export_v1.csv
2023-05-22,S001,C001,EAST,34,1262,76,2023-05-23 02:00:00,erp_export_v1.csv
2023-05-22,S002,C001,EAST,51,2383,107,2023-05-23 02:00:00,erp_export_v1.csv
2023-05-22,S003,C001,EAST,63,1974,107,2023-05-23 02:00:00,erp_export_v1.csv
2023-05-22,S004,C001,EAST,56,1680,101,2023-05-23 02:00:00,erp_export_v1.csv
2023-05-22,S005,C001,EAST,70,822,118,2023-05-23 02:00:00,erp_export_v1.csv
2023-05-22,S001,C002,NORTH,41,1269,100,2023-05-23 02:00:00,erp_export_v1.csv
2023-05-22,S002,C002,NORTH,41,2368,77,2023-05-23 02:00:00,erp_export_v1.csv
2023-05-22,S003,C002,NORTH,82,1944,122,2023-05-23 02:00:00,erp_export_v1.csv
2023-05-22,S004,C002,NORTH,87,1527,133,2023-05-23 02:00:00,erp_export_v1.csv
2023-05-22,S005,C002,NORTH,80,826,104,2023-05-23 02:00:00,erp_export_v1.csv
2023-05-22,S001,C003,WEST,48,1238,92,2023-05-23 02:00:00,erp_export_v1.csv
2023-05-22,S002,C003,WEST,60,2356,89,2023-05-23 02:00:00,erp_export_v1.csv
2023-05-22,S003,C003,WEST,60,1938,99,2023-05-23 02:00:00,erp_export_v1.csv
2023-05-22,S004,C003,WEST,90,1700,138,2023-05-23 02:00:00,erp_export_v1.csv
2023-05-22,S005,C003,WEST,97,803,139,2023-05-23 02:00:00,erp_export_v1.csv
2023-05-29,S001,C001,EAST,34,1271,92,2023-05-30 02:00:00,erp_export_v1.csv
2023-05-29,S002,C001,EAST,40,2373,61,2023-05-30 02:00:00,erp_export_v1.csv
2023-05-29,S003,C001,EAST,42,1932,64,2023-05-30 02:00:00,erp_export_v1.csv
2023-05-29,S004,C001,EAST,55,1665,82,2023-05-30 02:00:00,erp_export_v1.csv
2023-05-29,S005,C001,EAST,47,823,100,2023-05-30 02:00:00,erp_export_v1.csv
2023-05-29,S001,C002,NORTH,35,1226,62,2023-05-30 02:00:00,erp_export_v1.csv
2023-05-29,S002,C002,NORTH,39,2405,95,2023-05-30 02:00:00,erp_export_v1.csv
2023-05-29,S003,C002,NORTH,61,1968,93,2023-05-30 02:00:00,erp_export_v1.csv
2023-05-29,S004,C002,NORTH,54,1714,98,2023-05-30 02:00:00,erp_export_v1.csv
2023-05-29,S005,C002,NORTH,73,815,121,2023-05-30 02:00:00,erp_export_v1.csv
2023-05-29,S001,C003,WEST,42,1265,82,2023-05-30 02:00:00,erp_export_v1.csv
2023-05-29,S002,C003,WEST,37,2356,58,2023-05-30 02:00:00,erp_export_v1.csv
2023-05-29,S003,C003,WEST,49,1978,80,2023-05-30 02:00:00,erp_export_v1.csv
2023-05-29,S004,C003,WEST,70,1664,101,2023-05-30 02:00:00,erp_export_v1.csv
2023-05-29,S005,C003,WEST,75,805,113,2023-05-30 02:00:00,erp_export_v1.csv
2023-06-05,S001,C001,EAST,32,1259,63,2023-06-06 02:00:00,erp_export_v1.csv
2023-06-05,S002,C001,EAST,31,2364,86,2023-06-06 02:00:00,erp_export_v1.csv
2023-06-05,S003,C001,EAST,35,1928,88,2023-06-06 02:00:00,erp_export_v1.csv
2023-06-05,S004,C001,EAST,47,1719,71,2023-06-06 02:00:00,erp_export_v1.csv
2023-06-05,S005,C001,EAST,48,803,84,2023-06-06 02:00:00,erp_export_v1.csv
2023-06-05,S001,C002,NORTH,42,1232,65,2023-06-06 02:00:00,erp_export_v1.csv
2023-06-05,S002,C002,NORTH,40,2369,82,2023-06-06 02:00:00,erp_export_v1.csv
2023-06-05,S003,C002,NORTH,47,1993,74,2023-06-06 02:00:00,erp_export_v1.csv
2023-06-05,S004,C002,NORTH,53,1693,81,2023-06-06 02:00:00,erp_export_v1.csv
2023-06-05,S005,C002,NORTH,67,819,111,2023-06-06 02:00:00,erp_export_v1.csv
2023-06-05,S001,C003,WEST,44,1238,78,2023-06-06 02:00:00,erp_export_v1.csv
2023-06-05,S002,C003,WEST,46,2370,92,2023-06-06 02:00:00,erp_export_v1.csv
2023-06-05,S003,C003,WEST,42,1952,72,2023-06-06 02:00:00,erp_export_v1.csv
2023-06-05,S004,C003,WEST,82,1664,121,2023-06-06 02:00:00,erp_export_v1.csv
2023-06-05,S005,C003,WEST,76,802,111,2023-06-06 02:00:00,erp_export_v1.csv
2023-06-12,S001,C001,EAST,30,1267,87,2023-06-13 02:00:00,erp_export_v1.csv
2023-06-12,S002,C001,EAST,32,2401,59,2023-06-13 02:00:00,erp_export_v1.csv
2023-06-12,S003,C001,EAST,46,1976,70,2023-06-13 02:00:00,erp_export_v1.csv
2023-06-12,S004,C001,EAST,45,1674,70,2023-06-13 02:00:00,erp_export_v1.csv
2023-06-12,S005,C001,EAST,36,801,87,2023-06-13 02:00:00,erp_export_v1.csv
2023-06-12,S001,C002,NORTH,40,1261,75,2023-06-13 02:00:00,erp_export_v1.csv
2023-06-12,S002,C002,NORTH,38,2378,78,2023-06-13 02:00:00,erp_export_v1.csv
2023-06-12,S003,C002,NORTH,40,1991,70,2023-06-13 02:00:00,erp_export_v1.csv
2023-06-12,S004,C002,NORTH,46,1709,85,2023-06-13 02:00:00,erp_export_v1.csv
2023-06-12,S005,C002,NORTH,53,826,106,2023-06-13 02:00:00,erp_export_v1.csv
2023-06-12,S001,C003,WEST,52,1261,96,2023-06-13 02:00:00,erp_export_v1.csv
2023-06-12,S002,C003,WEST,49,2391,83,2023-06-13 02:00:00,erp_export_v1.csv
2023-06-12,S003,C003,WEST,62,1979,95,2023-06-13 02:00:00,erp_export_v1.csv
2023-06-12,S004,C003,WEST,70,1684,113,2023-06-13 02:00:00,erp_export_v1.csv
2023-06-12,S005,C003,WEST,65,798,92,2023-06-13 02:00:00,erp_export_v1.csv
2023-06-19,S001,C001,EAST,18,1228,64,2023-06-20 02:00:00,erp_export_v1.csv
2023-06-19,S002,C001,EAST,25,2422,46,2023-06-20 02:00:00,erp_export_v1.csv
2023-06-19,S003,C001,EAST,42,1945,99,2023-06-20 02:00:00,erp_export_v1.csv
2023-06-19,S004,C001,EAST,53,1557,85,2023-06-20 02:00:00,erp_export_v1.csv
2023-06-19,S005,C001,EAST,32,820,52,2023-06-20 02:00:00,erp_export_v1.csv
2023-06-19,S001,C002,NORTH,24,1240,71,2023-06-20 02:00:00,erp_export_v1.csv
2023-06-19,S002,C002,NORTH,35,2446,93,2023-06-20 02:00:00,erp_export_v1.csv
2023-06-19,S003,C002,NORTH,55,1774,112,2023-06-20 02:00:00,erp_export_v1.csv
2023-06-19,S004,C002,NORTH,44,1719,95,2023-06-20 02:00:00,erp_export_v1.csv
2023-06-19,S005,C002,NORTH,54,803,94,2023-06-20 02:00:00,erp_export_v1.csv
2023-06-19,S001,C003,WEST,42,1126,84,2023-06-20 02:00:00,erp_export_v1.csv
2023-06-19,S002,C003,WEST,54,2407,97,2023-06-20 02:00:00,erp_export_v1.csv
2023-06-19,S003,C003,WEST,80,1760,121,2023-06-20 02:00:00,erp_export_v1.csv
2023-06-19,S004,C003,WEST,61,1692,115,2023-06-20 02:00:00,erp_export_v1.csv
2023-06-19,S005,C003,WEST,58,801,90,2023-06-20 02:00:00,erp_export_v1.csv
2023-06-26,S001,C001,EAST,39,1105,77,2023-06-27 02:00:00,erp_export_v1.csv
2023-06-26,S002,C001,EAST,43,2169,82,2023-06-27 02:00:00,erp_export_v1.csv
2023-06-26,S003,C001,EAST,44,1767,69,2023-06-27 02:00:00,erp_export_v1.csv
2023-06-26,S004,C001,EAST,62,1542,85,2023-06-27 02:00:00,erp_export_v1.csv
2023-06-26,S005,C001,EAST,34,796,58,2023-06-27 02:00:00,erp_export_v1.csv
2023-06-26,S001,C002,NORTH,39,1232,85,2023-06-27 02:00:00,erp_export_v1.csv
2023-06-26,S002,C002,NORTH,38,2409,92,2023-06-27 02:00:00,erp_export_v1.csv
2023-06-26,S003,C002,NORTH,51,1796,104,2023-06-27 02:00:00,erp_export_v1.csv
2023-06-26,S004,C002,NORTH,61,1687,85,2023-06-27 02:00:00,erp_export_v1.csv
2023-06-26,S005,C002,NORTH,84,734,114,2023-06-27 02:00:00,erp_export_v1.csv
2023-06-26,S001,C003,WEST,56,1131,78,2023-06-27 02:00:00,erp_export_v1.csv
2023-06-26,S002,C003,WEST,41,2434,84,2023-06-27 02:00:00,erp_export_v1.csv
2023-06-26,S003,C003,WEST,60,1756,107,2023-06-27 02:00:00,erp_export_v1.csv
2023-06-26,S004,C003,WEST,74,1556,122,2023-06-27 02:00:00,erp_export_v1.csv
2023-06-26,S005,C003,WEST,61,812,92,2023-06-27 02:00:00,erp_export_v1.csv
2023-07-03,S001,C001,EAST,35,1141,71,2023-07-04 02:00:00,erp_export_v1.csv
2023-07-03,S002,C001,EAST,34,2168,61,2023-07-04 02:00:00,erp_export_v1.csv
2023-07-03,S003,C001,EAST,65,1795,97,2023-07-04 02:00:00,erp_export_v1.csv
2023-07-03,S004,C001,EAST,43,1726,81,2023-07-04 02:00:00,erp_export_v1.csv
2023-07-03,S005,C001,EAST,45,811,100,2023-07-04 02:00:00,erp_export_v1.csv
2023-07-03,S001,C002,NORTH,33,1225,72,2023-07-04 02:00:00,erp_export_v1.csv
2023-07-03,S002,C002,NORTH,40,2136,76,2023-07-04 02:00:00,erp_export_v1.csv
2023-07-03,S003,C002,NORTH,46,2000,99,2023-07-04 02:00:00,erp_export_v1.csv
2023-07-03,S004,C002,NORTH,51,1518,73,2023-07-04 02:00:00,erp_export_v1.csv
2023-07-03,S005,C002,NORTH,69,719,99,2023-07-04 02:00:00,erp_export_v1.csv
2023-07-03,S001,C003,WEST,33,1271,60,2023-07-04 02:00:00,erp_export_v1.csv
2023-07-03,S002,C003,WEST,39,2392,64,2023-07-04 02:00:00,erp_export_v1.csv
2023-07-03,S003,C003,WEST,64,1791,120,2023-07-04 02:00:00,erp_export_v1.csv
2023-07-03,S004,C003,WEST,82,1548,131,2023-07-04 02:00:00,erp_export_v1.csv
2023-07-03,S005,C003,WEST,75,813,131,2023-07-04 02:00:00,erp_export_v1.csv
2023-07-10,S001,C001,EAST,37,1105,95,2023-07-11 02:00:00,erp_export_v1.csv
2023-07-10,S002,C001,EAST,28,2412,73,2023-07-11 02:00:00,erp_export_v1.csv
2023-07-10,S003,C001,EAST,54,1766,102,2023-07-11 02:00:00,erp_export_v1.csv
2023-07-10,S004,C001,EAST,45,1717,83,2023-07-11 02:00:00,erp_export_v1.csv
2023-07-10,S005,C001,EAST,40,817,87,2023-07-11 02:00:00,erp_export_v1.csv
2023-07-10,S001,C002,NORTH,37,1261,84,2023-07-11 02:00:00,erp_export_v1.csv
2023-07-10,S002,C002,NORTH,52,2146,95,2023-07-11 02:00:00,erp_export_v1.csv
2023-07-10,S003,C002,NORTH,46,1962,97,2023-07-11 02:00:00,erp_export_v1.csv
2023-07-10,S004,C002,NORTH,55,1533,104,2023-07-11 02:00:00,erp_export_v1.csv
2023-07-10,S005,C002,NORTH,44,818,88,2023-07-11 02:00:00,erp_export_v1.csv
2023-07-10,S001,C003,WEST,25,1247,82,2023-07-11 02:00:00,erp_export_v1.csv
2023-07-10,S002,C003,WEST,45,2403,80,2023-07-11 02:00:00,erp_export_v1.csv
2023-07-10,S003,C003,WEST,51,1957,86,2023-07-11 02:00:00,erp_export_v1.csv
2023-07-10,S004,C003,WEST,56,1515,89,2023-07-11 02:00:00,erp_export_v1.csv
2023-07-10,S005,C003,WEST,63,818,108,2023-07-11 02:00:00,erp_export_v1.csv
2023-07-17,S001,C001,EAST,28,1230,50,2023-07-18 02:00:00,erp_export_v1.csv
2023-07-17,S002,C001,EAST,36,2412,95,2023-07-18 02:00:00,erp_export_v1.csv
2023-07-17,S003,C001,EAST,51,1977,110,2023-07-18 02:00:00,erp_export_v1.csv
2023-07-17,S004,C001,EAST,55,1683,81,2023-07-18 02:00:00,erp_export_v1.csv
2023-07-17,S005,C001,EAST,49,814,100,2023-07-18 02:00:00,erp_export_v1.csv
2023-07-17,S001,C002,NORTH,42,1251,80,2023-07-18 02:00:00,erp_export_v1.csv
2023-07-17,S002,C002,NORTH,59,2152,106,2023-07-18 02:00:00,erp_export_v1.csv
2023-07-17,S003,C002,NORTH,45,1961,81,2023-07-18 02:00:00,erp_export_v1.csv
2023-07-17,S004,C002,NORTH,63,1726,95,2023-07-18 02:00:00,erp_export_v1.csv
2023-07-17,S005,C002,NORTH,66,801,92,2023-07-18 02:00:00,erp_export_v1.csv
2023-07-17,S001,C003,WEST,35,1254,55,2023-07-18 02:00:00,erp_export_v1.csv
2023-07-17,S002,C003,WEST,45,2412,102,2023-07-18 02:00:00,erp_export_v1.csv
2023-07-17,S003,C003,WEST,61,1969,102,2023-07-18 02:00:00,erp_export_v1.csv
2023-07-17,S004,C003,WEST,69,1725,91,2023-07-18 02:00:00,erp_export_v1.csv
2023-07-17,S005,C003,WEST,84,797,112,2023-07-18 02:00:00,erp_export_v1.csv
2023-07-24,S001,C001,EAST,19,1253,58,2023-07-25 02:00:00,erp_export_v1.csv
2023-07-24,S002,C001,EAST,28,2442,55,2023-07-25 02:00:00,erp_export_v1.csv
2023-07-24,S003,C001,EAST,32,1994,70,2023-07-25 02:00:00,erp_export_v1.csv
2023-07-24,S004,C001,EAST,33,1710,81,2023-07-25 02:00:00,erp_export_v1.csv
2023-07-24,S005,C001,EAST,28,798,75,2023-07-25 02:00:00,erp_export_v1.csv
2023-07-24,S001,C002,NORTH,35,1240,78,2023-07-25 02:00:00,erp_export_v1.csv
2023-07-24,S002,C002,NORTH,39,2440,85,2023-07-25 02:00:00,erp_export_v1.csv
2023-07-24,S003,C002,NORTH,31,1985,72,2023-07-25 02:00:00,erp_export_v1.csv
2023-07-24,S004,C002,NORTH,49,1698,95,2023-07-25 02:00:00,erp_export_v1.csv
2023-07-24,S005,C002,NORTH,50,819,91,2023-07-25 02:00:00,erp_export_v1.csv
2023-07-24,S001,C003,WEST,35,1267,66,2023-07-25 02:00:00,erp_export_v1.csv
2023-07-24,S002,C003,WEST,34,2379,58,2023-07-25 02:00:00,erp_export_v1.csv
2023-07-24,S003,C003,WEST,35,1956,62,2023-07-25 02:00:00,erp_export_v1.csv
2023-07-24,S004,C003,WEST,53,1668,107,2023-07-25 02:00:00,erp_export_v1.csv
2023-07-24,S005,C003,WEST,54,817,83,2023-07-25 02:00:00,erp_export_v1.csv
2023-07-31,S001,C001,EAST,15,1256,35,2023-08-01 02:00:00,erp_export_v1.csv
2023-07-31,S002,C001,EAST,28,2389,56,2023-08-01 02:00:00,erp_export_v1.csv
2023-07-31,S003,C001,EAST,37,1937,69,2023-08-01 02:00:00,erp_export_v1.csv
2023-07-31,S004,C001,EAST,34,1688,91,2023-08-01 02:00:00,erp_export_v1.csv
2023-07-31,S005,C001,EAST,48,803,76,2023-08-01 02:00:00,erp_export_v1.csv
2023-07-31,S001,C002,NORTH,26,1241,71,2023-08-01 02:00:00,erp_export_v1.csv
2023-07-31,S002,C002,NORTH,40,2404,71,2023-08-01 02:00:00,erp_export_v1.csv
2023-07-31,S003,C002,NORTH,38,1986,85,2023-08-01 02:00:00,erp_export_v1.csv
2023-07-31,S004,C002,NORTH,42,1688,70,2023-08-01 02:00:00,erp_export_v1.csv
2023-07-31,S005,C002,NORTH,48,827,87,2023-08-01 02:00:00,erp_export_v1.csv
2023-07-31,S001,C003,WEST,35,1236,82,2023-08-01 02:00:00,erp_export_v1.csv
2023-07-31,S002,C003,WEST,39,2410,89,2023-08-01 02:00:00,erp_export_v1.csv
2023-07-31,S003,C003,WEST,40,1963,82,2023-08-01 02:00:00,erp_export_v1.csv
2023-07-31,S004,C003,WEST,54,1722,79,2023-08-01 02:00:00,erp_export_v1.csv
2023-07-31,S005,C003,WEST,59,806,93,2023-08-01 02:00:00,erp_export_v1.csv
2023-08-07,S001,C001,EAST,23,1244,67,2023-08-08 02:00:00,erp_export_v1.csv
2023-08-07,S002,C001,EAST,24,2443,65,2023-08-08 02:00:00,erp_export_v1.csv
2023-08-07,S003,C001,EAST,35,1978,81,2023-08-08 02:00:00,erp_export_v1.csv
2023-08-07,S004,C001,EAST,23,1708,52,2023-08-08 02:00:00,erp_export_v1.csv
2023-08-07,S005,C001,EAST,35,800,58,2023-08-08 02:00:00,erp_export_v1.csv
2023-08-07,S001,C002,NORTH,21,1228,73,2023-08-08 02:00:00,erp_export_v1.csv
2023-08-07,S002,C002,NORTH,31,2418,62,2023-08-08 02:00:00,erp_export_v1.csv
2023-08-07,S003,C002,NORTH,46,1975,89,2023-08-08 02:00:00,erp_export_v1.csv
2023-08-07,S004,C002,NORTH,34,1686,81,2023-08-08 02:00:00,erp_export_v1.csv
2023-08-07,S005,C002,NORTH,49,801,83,2023-08-08 02:00:00,erp_export_v1.csv
2023-08-07,S001,C003,WEST,27,1227,58,2023-08-08 02:00:00,erp_export_v1.csv
2023-08-07,S002,C003,WEST,44,2365,95,2023-08-08 02:00:00,erp_export_v1.csv
2023-08-07,S003,C003,WEST,38,1976,96,2023-08-08 02:00:00,erp_export_v1.csv
2023-08-07,S004,C003,WEST,41,1675,100,2023-08-08 02:00:00,erp_export_v1.csv
2023-08-07,S005,C003,WEST,46,820,97,2023-08-08 02:00:00,erp_export_v1.csv
2023-08-14,S001,C001,EAST,34,1145,85,2023-08-15 02:00:00,erp_export_v1.csv
2023-08-14,S002,C001,EAST,32,2376,77,2023-08-15 02:00:00,erp_export_v1.csv
2023-08-14,S003,C001,EAST,43,1795,93,2023-08-15 02:00:00,erp_export_v1.csv
2023-08-14,S004,C001,EAST,49,1530,76,2023-08-15 02:00:00,erp_export_v1.csv
2023-08-14,S005,C001,EAST,42,813,71,2023-08-15 02:00:00,erp_export_v1.csv
2023-08-14,S001,C002,NORTH,20,1241,57,2023-08-15 02:00:00,erp_export_v1.csv
2023-08-14,S002,C002,NORTH,29,2425,54,2023-08-15 02:00:00,erp_export_v1.csv
2023-08-14,S003,C002,NORTH,53,1769,99,2023-08-15 02:00:00,erp_export_v1.csv
2023-08-14,S004,C002,NORTH,49,1665,89,2023-08-15 02:00:00,erp_export_v1.csv
2023-08-14,S005,C002,NORTH,51,827,73,2023-08-15 02:00:00,erp_export_v1.csv
2023-08-14,S001,C003,WEST,39,1146,59,2023-08-15 02:00:00,erp_export_v1.csv
2023-08-14,S002,C003,WEST,45,2145,91,2023-08-15 02:00:00,erp_export_v1.csv
2023-08-14,S003,C003,WEST,41,1941,100,2023-08-15 02:00:00,erp_export_v1.csv
2023-08-14,S004,C003,WEST,39,1720,75,2023-08-15 02:00:00,erp_export_v1.csv
2023-08-14,S005,C003,WEST,47,801,72,2023-08-15 02:00:00,erp_export_v1.csv
2023-08-21,S001,C001,EAST,27,1104,67,2023-08-22 02:00:00,erp_export_v1.csv
2023-08-21,S002,C001,EAST,29,2441,88,2023-08-22 02:00:00,erp_export_v1.csv
2023-08-21,S003,C001,EAST,44,1756,93,2023-08-22 02:00:00,erp_export_v1.csv
2023-08-21,S004,C001,EAST,43,1498,88,2023-08-22 02:00:00,erp_export_v1.csv
2023-08-21,S005,C001,EAST,54,745,86,2023-08-22 02:00:00,erp_export_v1.csv
2023-08-21,S001,C002,NORTH,36,1130,77,2023-08-22 02:00:00,erp_export_v1.csv
2023-08-21,S002,C002,NORTH,40,2142,92,2023-08-22 02:00:00,erp_export_v1.csv
2023-08-21,S003,C002,NORTH,39,1761,71,2023-08-22 02:00:00,erp_export_v1.csv
2023-08-21,S004,C002,NORTH,36,1706,93,2023-08-22 02:00:00,erp_export_v1.csv
2023-08-21,S005,C002,NORTH,51,823,72,2023-08-22 02:00:00,erp_export_v1.csv
2023-08-21,S001,C003,WEST,32,1118,72,2023-08-22 02:00:00,erp_export_v1.csv
2023-08-21,S002,C003,WEST,43,2185,77,2023-08-22 02:00:00,erp_export_v1.csv
2023-08-21,S003,C003,WEST,34,1928,80,2023-08-22 02:00:00,erp_export_v1.csv
2023-08-21,S004,C003,WEST,52,1514,75,2023-08-22 02:00:00,erp_export_v1.csv
2023-08-21,S005,C003,WEST,49,816,105,2023-08-22 02:00:00,erp_export_v1.csv
2023-08-28,S001,C001,EAST,26,1133,76,2023-08-29 02:00:00,erp_export_v1.csv
2023-08-28,S002,C001,EAST,24,2424,53,2023-08-29 02:00:00,erp_export_v1.csv
2023-08-28,S003,C001,EAST,35,1968,67,2023-08-29 02:00:00,erp_export_v1.csv
2023-08-28,S004,C001,EAST,32,1529,66,2023-08-29 02:00:00,erp_export_v1.csv
2023-08-28,S005,C001,EAST,48,740,101,2023-08-29 02:00:00,erp_export_v1.csv
2023-08-28,S001,C002,NORTH,35,1140,81,2023-08-29 02:00:00,erp_export_v1.csv
2023-08-28,S002,C002,NORTH,38,2170,74,2023-08-29 02:00:00,erp_export_v1.csv
2023-08-28,S003,C002,NORTH,59,1768,85,2023-08-29 02:00:00,erp_export_v1.csv
2023-08-28,S004,C002,NORTH,35,1707,91,2023-08-29 02:00:00,erp_export_v1.csv
2023-08-28,S005,C002,NORTH,52,815,111,2023-08-29 02:00:00,erp_export_v1.csv
2023-08-28,S001,C003,WEST,41,1142,76,2023-08-29 02:00:00,erp_export_v1.csv
2023-08-28,S002,C003,WEST,40,2384,87,2023-08-29 02:00:00,erp_export_v1.csv
2023-08-28,S003,C003,WEST,33,1969,83,2023-08-29 02:00:00,erp_export_v1.csv
2023-08-28,S004,C003,WEST,64,1533,85,2023-08-29 02:00:00,erp_export_v1.csv
2023-08-28,S005,C003,WEST,43,823,75,2023-08-29 02:00:00,erp_export_v1.csv
2023-09-04,S001,C001,EAST,17,1270,46,2023-09-05 02:00:00,erp_export_v1.csv
2023-09-04,S002,C001,EAST,27,2385,71,2023-09-05 02:00:00,erp_export_v1.csv
2023-09-04,S003,C001,EAST,26,1947,72,2023-09-05 02:00:00,erp_export_v1.csv
2023-09-04,S004,C001,EAST,30,1715,55,2023-09-05 02:00:00,erp_export_v1.csv
2023-09-04,S005,C001,EAST,36,743,64,2023-09-05 02:00:00,erp_export_v1.csv
2023-09-04,S001,C002,NORTH,24,1258,45,2023-09-05 02:00:00,erp_export_v1.csv
2023-09-04,S002,C002,NORTH,25,2426,48,2023-09-05 02:00:00,erp_export_v1.csv
2023-09-04,S003,C002,NORTH,29,1984,83,2023-09-05 02:00:00,erp_export_v1.csv
2023-09-04,S004,C002,NORTH,41,1697,71,2023-09-05 02:00:00,erp_export_v1.csv
2023-09-04,S005,C002,NORTH,42,798,87,2023-09-05 02:00:00,erp_export_v1.csv
2023-09-04,S001,C003,WEST,24,1240,69,2023-09-05 02:00:00,erp_export_v1.csv
2023-09-04,S002,C003,WEST,27,2405,86,2023-09-05 02:00:00,erp_export_v1.csv
2023-09-04,S003,C003,WEST,30,1935,72,2023-09-05 02:00:00,erp_export_v1.csv
2023-09-04,S004,C003,WEST,48,1528,73,2023-09-05 02:00:00,erp_export_v1.csv
2023-09-04,S005,C003,WEST,38,821,61,2023-09-05 02:00:00,erp_export_v1.csv
2023-09-11,S001,C001,EAST,22,1238,69,2023-09-12 02:00:00,erp_export_v1.csv
2023-09-11,S002,C001,EAST,27,2441,70,2023-09-12 02:00:00,erp_export_v1.csv
2023-09-11,S003,C001,EAST,28,1967,82,2023-09-12 02:00:00,erp_export_v1.csv
2023-09-11,S004,C001,EAST,41,1698,81,2023-09-12 02:00:00,erp_export_v1.csv
2023-09-11,S005,C001,EAST,39,810,83,2023-09-12 02:00:00,erp_export_v1.csv
2023-09-11,S001,C002,NORTH,24,1258,49,2023-09-12 02:00:00,erp_export_v1.csv
2023-09-11,S002,C002,NORTH,39,2449,66,2023-09-12 02:00:00,erp_export_v1.csv
2023-09-11,S003,C002,NORTH,26,1946,62,2023-09-12 02:00:00,erp_export_v1.csv
2023-09-11,S004,C002,NORTH,46,1703,72,2023-09-12 02:00:00,erp_export_v1.csv
2023-09-11,S005,C002,NORTH,38,824,73,2023-09-12 02:00:00,erp_export_v1.csv
2023-09-11,S001,C003,WEST,30,1252,63,2023-09-12 02:00:00,erp_export_v1.csv
2023-09-11,S002,C003,WEST,48,2431,98,2023-09-12 02:00:00,erp_export_v1.csv
2023-09-11,S003,C003,WEST,41,1930,88,2023-09-12 02:00:00,erp_export_v1.csv
2023-09-11,S004,C003,WEST,55,1708,80,2023-09-12 02:00:00,erp_export_v1.csv
2023-09-11,S005,C003,WEST,66,806,97,2023-09-12 02:00:00,erp_export_v1.csv
2023-09-18,S001,C001,EAST,20,1235,67,2023-09-19 02:00:00,erp_export_v1.csv
2023-09-18,S002,C001,EAST,23,2356,75,2023-09-19 02:00:00,erp_export_v1.csv
2023-09-18,S003,C001,EAST,19,1926,70,2023-09-19 02:00:00,erp_export_v1.csv
2023-09-18,S004,C001,EAST,23,1707,57,2023-09-19 02:00:00,erp_export_v1.csv
2023-09-18,S005,C001,EAST,26,826,77,2023-09-19 02:00:00,erp_export_v1.csv
2023-09-18,S001,C002,NORTH,27,1266,69,2023-09-19 02:00:00,erp_export_v1.csv
2023-09-18,S002,C002,NORTH,32,2434,83,2023-09-19 02:00:00,erp_export_v1.csv
2023-09-18,S003,C002,NORTH,35,1969,81,2023-09-19 02:00:00,erp_export_v1.csv
2023-09-18,S004,C002,NORTH,22,1726,56,2023-09-19 02:00:00,erp_export_v1.csv
2023-09-18,S005,C002,NORTH,43,812,89,2023-09-19 02:00:00,erp_export_v1.csv
2023-09-18,S001,C003,WEST,23,1265,69,2023-09-19 02:00:00,erp_export_v1.csv
2023-09-18,S002,C003,WEST,28,2390,72,2023-09-19 02:00:00,erp_export_v1.csv
2023-09-18,S003,C003,WEST,36,1925,61,2023-09-19 02:00:00,erp_export_v1.csv
2023-09-18,S004,C003,WEST,46,1676,88,2023-09-19 02:00:00,erp_export_v1.csv
2023-09-18,S005,C003,WEST,43,797,71,2023-09-19 02:00:00,erp_export_v1.csv
2023-09-25,S001,C001,EAST,18,1265,65,2023-09-26 02:00:00,erp_export_v1.csv
2023-09-25,S002,C001,EAST,20,2414,67,2023-09-26 02:00:00,erp_export_v1.csv
2023-09-25,S003,C001,EAST,31,1939,87,2023-09-26 02:00:00,erp_export_v1.csv
2023-09-25,S004,C001,EAST,26,1696,72,2023-09-26 02:00:00,erp_export_v1.csv
2023-09-25,S005,C001,EAST,32,828,83,2023-09-26 02:00:00,erp_export_v1.csv
2023-09-25,S001,C002,NORTH,13,1267,70,2023-09-26 02:00:00,erp_export_v1.csv
2023-09-25,S002,C002,NORTH,22,2378,46,2023-09-26 02:00:00,erp_export_v1.csv
2023-09-25,S003,C002,NORTH,29,1996,74,2023-09-26 02:00:00,erp_export_v1.csv
2023-09-25,S004,C002,NORTH,30,1664,50,2023-09-26 02:00:00,erp_export_v1.csv
2023-09-25,S005,C002,NORTH,43,822,97,2023-09-26 02:00:00,erp_export_v1.csv
2023-09-25,S001,C003,WEST,30,1234,55,2023-09-26 02:00:00,erp_export_v1.csv
2023-09-25,S002,C003,WEST,28,2366,79,2023-09-26 02:00:00,erp_export_v1.csv
2023-09-25,S003,C003,WEST,45,1932,75,2023-09-26 02:00:00,erp_export_v1.csv
2023-09-25,S004,C003,WEST,55,1666,101,2023-09-26 02:00:00,erp_export_v1.csv
2023-09-25,S005,C003,WEST,46,808,100,2023-09-26 02:00:00,erp_export_v1.csv
2023-10-02,S001,C001,EAST,15,1228,40,2023-10-03 02:00:00,erp_export_v1.csv
2023-10-02,S002,C001,EAST,17,2447,56,2023-10-03 02:00:00,erp_export_v1.csv
2023-10-02,S003,C001,EAST,28,1948,64,2023-10-03 02:00:00,erp_export_v1.csv
2023-10-02,S004,C001,EAST,38,1702,93,2023-10-03 02:00:00,erp_export_v1.csv
2023-10-02,S005,C001,EAST,29,804,66,2023-10-03 02:00:00,erp_export_v1.csv
2023-10-02,S001,C002,NORTH,19,1262,52,2023-10-03 02:00:00,erp_export_v1.csv
2023-10-02,S002,C002,NORTH,26,2442,61,2023-10-03 02:00:00,erp_export_v1.csv
2023-10-02,S003,C002,NORTH,39,1964,69,2023-10-03 02:00:00,erp_export_v1.csv
2023-10-02,S004,C002,NORTH,45,1698,74,2023-10-03 02:00:00,erp_export_v1.csv
2023-10-02,S005,C002,NORTH,33,818,83,2023-10-03 02:00:00,erp_export_v1.csv
2023-10-02,S001,C003,WEST,28,1245,81,2023-10-03 02:00:00,erp_export_v1.csv
2023-10-02,S002,C003,WEST,29,2437,83,2023-10-03 02:00:00,erp_export_v1.csv
2023-10-02,S003,C003,WEST,29,1932,66,2023-10-03 02:00:00,erp_export_v1.csv
2023-10-02,S004,C003,WEST,54,1715,106,2023-10-03 02:00:00,erp_export_v1.csv
2023-10-02,S005,C003,WEST,49,826,72,2023-10-03 02:00:00,erp_export_v1.csv
2023-10-09,S001,C001,EAST,35,1129,56,2023-10-10 02:00:00,erp_export_v1.csv
2023-10-09,S002,C001,EAST,20,2449,46,2023-10-10 02:00:00,erp_export_v1.csv
2023-10-09,S003,C001,EAST,30,1962,71,2023-10-10 02:00:00,erp_export_v1.csv
2023-10-09,S004,C001,EAST,32,1729,77,2023-10-10 02:00:00,erp_export_v1.csv
2023-10-09,S005,C001,EAST,35,828,94,2023-10-10 02:00:00,erp_export_v1.csv
2023-10-09,S001,C002,NORTH,29,1264,61,2023-10-10 02:00:00,erp_export_v1.csv
2023-10-09,S002,C002,NORTH,26,2415,57,2023-10-10 02:00:00,erp_export_v1.csv
2023-10-09,S003,C002,NORTH,35,2000,76,2023-10-10 02:00:00,erp_export_v1.csv
2023-10-09,S004,C002,NORTH,47,1712,86,2023-10-10 02:00:00,erp_export_v1.csv
2023-10-09,S005,C002,NORTH,61,726,119,2023-10-10 02:00:00,erp_export_v1.csv
2023-10-09,S001,C003,WEST,24,1257,61,2023-10-10 02:00:00,erp_export_v1.csv
2023-10-09,S002,C003,WEST,38,2384,58,2023-10-10 02:00:00,erp_export_v1.csv
2023-10-09,S003,C003,WEST,39,1935,93,2023-10-10 02:00:00,erp_export_v1.csv
2023-10-09,S004,C003,WEST,40,1695,88,2023-10-10 02:00:00,erp_export_v1.csv
2023-10-09,S005,C003,WEST,64,735,120,2023-10-10 02:00:00,erp_export_v1.csv
2023-10-16,S001,C001,EAST,25,1120,45,2023-10-17 02:00:00,erp_export_v1.csv
2023-10-16,S002,C001,EAST,23,2425,61,2023-10-17 02:00:00,erp_export_v1.csv
2023-10-16,S003,C001,EAST,27,1993,75,2023-10-17 02:00:00,erp_export_v1.csv
2023-10-16,S004,C001,EAST,22,1709,51,2023-10-17 02:00:00,erp_export_v1.csv
2023-10-16,S005,C001,EAST,45,718,86,2023-10-17 02:00:00,erp_export_v1.csv
2023-10-16,S001,C002,NORTH,29,1268,75,2023-10-17 02:00:00,erp_export_v1.csv
2023-10-16,S002,C002,NORTH,31,2373,80,2023-10-17 02:00:00,erp_export_v1.csv
2023-10-16,S003,C002,NORTH,38,1999,62,2023-10-17 02:00:00,erp_export_v1.csv
2023-10-16,S004,C002,NORTH,46,1497,77,2023-10-17 02:00:00,erp_export_v1.csv
2023-10-16,S005,C002,NORTH,52,736,101,2023-10-17 02:00:00,erp_export_v1.csv
2023-10-16,S001,C003,WEST,41,1112,75,2023-10-17 02:00:00,erp_export_v1.csv
2023-10-16,S002,C003,WEST,29,2418,77,2023-10-17 02:00:00,erp_export_v1.csv
2023-10-16,S003,C003,WEST,45,1926,98,2023-10-17 02:00:00,erp_export_v1.csv
2023-10-16,S004,C003,WEST,38,1676,91,2023-10-17 02:00:00,erp_export_v1.csv
2023-10-16,S005,C003,WEST,76,740,133,2023-10-17 02:00:00,erp_export_v1.csv
2023-10-23,S001,C001,EAST,23,1119,69,2023-10-24 02:00:00,erp_export_v1.csv
2023-10-23,S002,C001,EAST,20,2413,68,2023-10-24 02:00:00,erp_export_v1.csv
2023-10-23,S003,C001,EAST,25,1971,56,2023-10-24 02:00:00,erp_export_v1.csv
2023-10-23,S004,C001,EAST,46,1515,101,2023-10-24 02:00:00,erp_export_v1.csv
2023-10-23,S005,C001,EAST,50,732,82,2023-10-24 02:00:00,erp_export_v1.csv
2023-10-23,S001,C002,NORTH,23,1246,80,2023-10-24 02:00:00,erp_export_v1.csv
2023-10-23,S002,C002,NORTH,39,2143,65,2023-10-24 02:00:00,erp_export_v1.csv
2023-10-23,S003,C002,NORTH,46,1762,77,2023-10-24 02:00:00,erp_export_v1.csv
2023-10-23,S004,C002,NORTH,43,1529,83,2023-10-24 02:00:00,erp_export_v1.csv
2023-10-23,S005,C002,NORTH,50,739,76,2023-10-24 02:00:00,erp_export_v1.csv
2023-10-23,S001,C003,WEST,38,1118,93,2023-10-24 02:00:00,erp_export_v1.csv
2023-10-23,S002,C003,WEST,34,2424,58,2023-10-24 02:00:00,erp_export_v1.csv
2023-10-23,S003,C003,WEST,45,1988,83,2023-10-24 02:00:00,erp_export_v1.csv
2023-10-23,S004,C003,WEST,40,1714,91,2023-10-24 02:00:00,erp_export_v1.csv
2023-10-23,S005,C003,WEST,58,723,87,2023-10-24 02:00:00,erp_export_v1.csv
2023-10-30,S001,C001,EAST,20,1226,40,2023-10-31 02:00:00,erp_export_v1.csv
2023-10-30,S002,C001,EAST,22,2359,55,2023-10-31 02:00:00,erp_export_v1.csv
2023-10-30,S003,C001,EAST,24,1985,66,2023-10-31 02:00:00,erp_export_v1.csv
2023-10-30,S004,C001,EAST,39,1547,71,2023-10-31 02:00:00,erp_export_v1.csv
2023-10-30,S005,C001,EAST,27,819,73,2023-10-31 02:00:00,erp_export_v1.csv
2023-10-30,S001,C002,NORTH,18,1230,56,2023-10-31 02:00:00,erp_export_v1.csv
2023-10-30,S002,C002,NORTH,22,2172,56,2023-10-31 02:00:00,erp_export_v1.csv
2023-10-30,S003,C002,NORTH,48,1757,74,2023-10-31 02:00:00,erp_export_v1.csv
2023-10-30,S004,C002,NORTH,54,1550,105,2023-10-31 02:00:00,erp_export_v1.csv
2023-10-30,S005,C002,NORTH,35,811,92,2023-10-31 02:00:00,erp_export_v1.csv
2023-10-30,S001,C003,WEST,22,1121,48,2023-10-31 02:00:00,erp_export_v1.csv
2023-10-30,S002,C003,WEST,33,2420,61,2023-10-31 02:00:00,erp_export_v1.csv
2023-10-30,S003,C003,WEST,39,1945,77,2023-10-31 02:00:00,erp_export_v1.csv
2023-10-30,S004,C003,WEST,49,1709,74,2023-10-31 02:00:00,erp_export_v1.csv
2023-10-30,S005,C003,WEST,51,827,82,2023-10-31 02:00:00,erp_export_v1.csv
2023-11-06,S001,C001,EAST,27,1261,49,2023-11-07 02:00:00,erp_export_v1.csv
2023-11-06,S002,C001,EAST,33,2404,82,2023-11-07 02:00:00,erp_export_v1.csv
2023-11-06,S003,C001,EAST,33,2003,69,2023-11-07 02:00:00,erp_export_v1.csv
2023-11-06,S004,C001,EAST,55,1551,83,2023-11-07 02:00:00,erp_export_v1.csv
2023-11-06,S005,C001,EAST,36,809,92,2023-11-07 02:00:00,erp_export_v1.csv
2023-11-06,S001,C002,NORTH,28,1261,73,2023-11-07 02:00:00,erp_export_v1.csv
2023-11-06,S002,C002,NORTH,28,2427,56,2023-11-07 02:00:00,erp_export_v1.csv
2023-11-06,S003,C002,NORTH,48,1985,90,2023-11-07 02:00:00,erp_export_v1.csv
2023-11-06,S004,C002,NORTH,49,1681,84,2023-11-07 02:00:00,erp_export_v1.csv
2023-11-06,S005,C002,NORTH,67,810,106,2023-11-07 02:00:00,erp_export_v1.csv
2023-11-06,S001,C003,WEST,30,1242,62,2023-11-07 02:00:00,erp_export_v1.csv
2023-11-06,S002,C003,WEST,47,2449,93,2023-11-07 02:00:00,erp_export_v1.csv
2023-11-06,S003,C003,WEST,40,1987,77,2023-11-07 02:00:00,erp_export_v1.csv
2023-11-06,S004,C003,WEST,51,1704,106,2023-11-07 02:00:00,erp_export_v1.csv
2023-11-06,S005,C003,WEST,55,817,92,2023-11-07 02:00:00,erp_export_v1.csv
2023-11-13,S001,C001,EAST,21,1271,50,2023-11-14 02:00:00,erp_export_v1.csv
2023-11-13,S002,C001,EAST,25,2370,73,2023-11-14 02:00:00,erp_export_v1.csv
2023-11-13,S003,C001,EAST,28,1948,79,2023-11-14 02:00:00,erp_export_v1.csv
2023-11-13,S004,C001,EAST,37,1675,64,2023-11-14 02:00:00,erp_export_v1.csv
2023-11-13,S005,C001,EAST,38,805,76,2023-11-14 02:00:00,erp_export_v1.csv
2023-11-13,S001,C002,NORTH,38,1259,60,2023-11-14 02:00:00,erp_export_v1.csv
2023-11-13,S002,C002,NORTH,33,2412,92,2023-11-14 02:00:00,erp_export_v1.csv
2023-11-13,S003,C002,NORTH,33,1941,81,2023-11-14 02:00:00,erp_export_v1.csv
2023-11-13,S004,C002,NORTH,47,1690,101,2023-11-14 02:00:00,erp_export_v1.csv
2023-11-13,S005,C002,NORTH,62,805,121,2023-11-14 02:00:00,erp_export_v1.csv
2023-11-13,S001,C003,WEST,29,1238,63,2023-11-14 02:00:00,erp_export_v1.csv
2023-11-13,S002,C003,WEST,36,2355,77,2023-11-14 02:00:00,erp_export_v1.csv
2023-11-13,S003,C003,WEST,36,1971,61,2023-11-14 02:00:00,erp_export_v1.csv
2023-11-13,S004,C003,WEST,46,1692,77,2023-11-14 02:00:00,erp_export_v1.csv
2023-11-13,S005,C003,WEST,56,817,109,2023-11-14 02:00:00,erp_export_v1.csv
2023-11-20,S001,C001,EAST,19,1234,39,2023-11-21 02:00:00,erp_export_v1.csv
2023-11-20,S002,C001,EAST,16,2379,54,2023-11-21 02:00:00,erp_export_v1.csv
2023-11-20,S003,C001,EAST,20,1976,66,2023-11-21 02:00:00,erp_export_v1.csv
2023-11-20,S004,C001,EAST,38,1680,61,2023-11-21 02:00:00,erp_export_v1.csv
2023-11-20,S005,C001,EAST,30,815,74,2023-11-21 02:00:00,erp_export_v1.csv
2023-11-20,S001,C002,NORTH,28,1265,66,2023-11-21 02:00:00,erp_export_v1.csv
2023-11-20,S002,C002,NORTH,28,2380,51,2023-11-21 02:00:00,erp_export_v1.csv
2023-11-20,S003,C002,NORTH,30,1971,77,2023-11-21 02:00:00,erp_export_v1.csv
2023-11-20,S004,C002,NORTH,37,1717,79,2023-11-21 02:00:00,erp_export_v1.csv
2023-11-20,S005,C002,NORTH,38,803,67,2023-11-21 02:00:00,erp_export_v1.csv
2023-11-20,S001,C003,WEST,27,1232,74,2023-11-21 02:00:00,erp_export_v1.csv
2023-11-20,S002,C003,WEST,31,2429,69,2023-11-21 02:00:00,erp_export_v1.csv
2023-11-20,S003,C003,WEST,43,1932,72,2023-11-21 02:00:00,erp_export_v1.csv
2023-11-20,S004,C003,WEST,48,1688,94,2023-11-21 02:00:00,erp_export_v1.csv
2023-11-20,S005,C003,WEST,58,816,92,2023-11-21 02:00:00,erp_export_v1.csv
2023-11-27,S001,C001,EAST,32,1235,91,2023-11-28 02:00:00,erp_export_v1.csv
2023-11-27,S002,C001,EAST,28,2355,75,2023-11-28 02:00:00,erp_export_v1.csv
2023-11-27,S003,C001,EAST,29,1950,86,2023-11-28 02:00:00,erp_export_v1.csv
2023-11-27,S004,C001,EAST,30,1692,59,2023-11-28 02:00:00,erp_export_v1.csv
2023-11-27,S005,C001,EAST,44,811,79,2023-11-28 02:00:00,erp_export_v1.csv
2023-11-27,S001,C002,NORTH,33,1259,88,2023-11-28 02:00:00,erp_export_v1.csv
2023-11-27,S002,C002,NORTH,29,2386,51,2023-11-28 02:00:00,erp_export_v1.csv
2023-11-27,S003,C002,NORTH,39,1948,93,2023-11-28 02:00:00,erp_export_v1.csv
2023-11-27,S004,C002,NORTH,46,1705,94,2023-11-28 02:00:00,erp_export_v1.csv
2023-11-27,S005,C002,NORTH,41,818,92,2023-11-28 02:00:00,erp_export_v1.csv
2023-11-27,S001,C003,WEST,39,1235,90,2023-11-28 02:00:00,erp_export_v1.csv
2023-11-27,S002,C003,WEST,31,2403,76,2023-11-28 02:00:00,erp_export_v1.csv
2023-11-27,S003,C003,WEST,43,1947,71,2023-11-28 02:00:00,erp_export_v1.csv
2023-11-27,S004,C003,WEST,53,1695,74,2023-11-28 02:00:00,erp_export_v1.csv
2023-11-27,S005,C003,WEST,50,803,103,2023-11-28 02:00:00,erp_export_v1.csv
2023-12-04,S001,C001,EAST,24,1230,69,2023-12-05 02:00:00,erp_export_v1.csv
2023-12-04,S002,C001,EAST,25,2377,67,2023-12-05 02:00:00,erp_export_v1.csv
2023-12-04,S003,C001,EAST,26,1927,70,2023-12-05 02:00:00,erp_export_v1.csv
2023-12-04,S004,C001,EAST,42,1673,66,2023-12-05 02:00:00,erp_export_v1.csv
2023-12-04,S005,C001,EAST,47,824,70,2023-12-05 02:00:00,erp_export_v1.csv
2023-12-04,S001,C002,NORTH,19,1225,63,2023-12-05 02:00:00,erp_export_v1.csv
2023-12-04,S002,C002,NORTH,34,2420,72,2023-12-05 02:00:00,erp_export_v1.csv
2023-12-04,S003,C002,NORTH,38,1988,97,2023-12-05 02:00:00,erp_export_v1.csv
2023-12-04,S004,C002,NORTH,42,1712,84,2023-12-05 02:00:00,erp_export_v1.csv
2023-12-04,S005,C002,NORTH,59,798,102,2023-12-05 02:00:00,erp_export_v1.csv
2023-12-04,S001,C003,WEST,51,1112,94,2023-12-05 02:00:00,erp_export_v1.csv
2023-12-04,S002,C003,WEST,34,2427,72,2023-12-05 02:00:00,erp_export_v1.csv
2023-12-04,S003,C003,WEST,46,1993,74,2023-12-05 02:00:00,erp_export_v1.csv
2023-12-04,S004,C003,WEST,48,1691,92,2023-12-05 02:00:00,erp_export_v1.csv
2023-12-04,S005,C003,WEST,56,807,102,2023-12-05 02:00:00,erp_export_v1.csv
2023-12-11,S001,C001,EAST,23,1266,54,2023-12-12 02:00:00,erp_export_v1.csv
2023-12-11,S002,C001,EAST,31,2363,87,2023-12-12 02:00:00,erp_export_v1.csv
2023-12-11,S003,C001,EAST,48,1766,94,2023-12-12 02:00:00,erp_export_v1.csv
2023-12-11,S004,C001,EAST,30,1722,70,2023-12-12 02:00:00,erp_export_v1.csv
2023-12-11,S005,C001,EAST,45,740,89,2023-12-12 02:00:00,erp_export_v1.csv
2023-12-11,S001,C002,NORTH,34,1235,67,2023-12-12 02:00:00,erp_export_v1.csv
2023-12-11,S002,C002,NORTH,46,2124,99,2023-12-12 02:00:00,erp_export_v1.csv
2023-12-11,S003,C002,NORTH,45,1990,98,2023-12-12 02:00:00,erp_export_v1.csv
2023-12-11,S004,C002,NORTH,43,1722,99,2023-12-12 02:00:00,erp_export_v1.csv
2023-12-11,S005,C002,NORTH,42,811,72,2023-12-12 02:00:00,erp_export_v1.csv
2023-12-11,S001,C003,WEST,64,1116,85,2023-12-12 02:00:00,erp_export_v1.csv
2023-12-11,S002,C003,WEST,52,2122,98,2023-12-12 02:00:00,erp_export_v1.csv
2023-12-11,S003,C003,WEST,41,1951,65,2023-12-12 02:00:00,erp_export_v1.csv
2023-12-11,S004,C003,WEST,75,1539,127,2023-12-12 02:00:00,erp_export_v1.csv
2023-12-11,S005,C003,WEST,69,818,114,2023-12-12 02:00:00,erp_export_v1.csv
2023-12-18,S001,C001,EAST,34,1121,90,2023-12-19 02:00:00,erp_export_v1.csv
2023-12-18,S002,C001,EAST,33,2138,86,2023-12-19 02:00:00,erp_export_v1.csv
2023-12-18,S003,C001,EAST,66,1794,93,2023-12-19 02:00:00,erp_export_v1.csv
2023-12-18,S004,C001,EAST,29,1707,76,2023-12-19 02:00:00,erp_export_v1.csv
2023-12-18,S005,C001,EAST,60,734,106,2023-12-19 02:00:00,erp_export_v1.csv
2023-12-18,S001,C002,NORTH,33,1269,60,2023-12-19 02:00:00,erp_export_v1.csv
2023-12-18,S002,C002,NORTH,54,2122,75,2023-12-19 02:00:00,erp_export_v1.csv
2023-12-18,S003,C002,NORTH,65,1752,107,2023-12-19 02:00:00,erp_export_v1.csv
2023-12-18,S004,C002,NORTH,68,1507,120,2023-12-19 02:00:00,erp_export_v1.csv
2023-12-18,S005,C002,NORTH,72,720,129,2023-12-19 02:00:00,erp_export_v1.csv
2023-12-18,S001,C003,WEST,57,1130,111,2023-12-19 02:00:00,erp_export_v1.csv
2023-12-18,S002,C003,WEST,69,2141,94,2023-12-19 02:00:00,erp_export_v1.csv
2023-12-18,S003,C003,WEST,63,1779,84,2023-12-19 02:00:00,erp_export_v1.csv
2023-12-18,S004,C003,WEST,84,1519,141,2023-12-19 02:00:00,erp_export_v1.csv
2023-12-18,S005,C003,WEST,63,809,91,2023-12-19 02:00:00,erp_export_v1.csv
2023-12-25,S001,C001,EAST,36,1111,93,2023-12-26 02:00:00,erp_export_v1.csv
2023-12-25,S002,C001,EAST,43,2201,99,2023-12-26 02:00:00,erp_export_v1.csv
2023-12-25,S003,C001,EAST,53,1742,96,2023-12-26 02:00:00,erp_export_v1.csv
2023-12-25,S004,C001,EAST,34,1680,66,2023-12-26 02:00:00,erp_export_v1.csv
2023-12-25,S005,C001,EAST,49,813,104,2023-12-26 02:00:00,erp_export_v1.csv
2023-12-25,S001,C002,NORTH,38,1241,73,2023-12-26 02:00:00,erp_export_v1.csv
2023-12-25,S002,C002,NORTH,40,2373,93,2023-12-26 02:00:00,erp_export_v1.csv
2023-12-25,S003,C002,NORTH,71,1771,96,2023-12-26 02:00:00,erp_export_v1.csv
2023-12-25,S004,C002,NORTH,62,1541,95,2023-12-26 02:00:00,erp_export_v1.csv
2023-12-25,S005,C002,NORTH,81,725,123,2023-12-26 02:00:00,erp_export_v1.csv
2023-12-25,S001,C003,WEST,26,1226,74,2023-12-26 02:00:00,erp_export_v1.csv
2023-12-25,S002,C003,WEST,37,2412,57,2023-12-26 02:00:00,erp_export_v1.csv
2023-12-25,S003,C003,WEST,75,1784,125,2023-12-26 02:00:00,erp_export_v1.csv
2023-12-25,S004,C003,WEST,49,1677,101,2023-12-26 02:00:00,erp_export_v1.csv
2023-12-25,S005,C003,WEST,65,826,124,2023-12-26 02:00:00,erp_export_v1.csv
2024-01-01,S001,C001,EAST,35,1252,88,2024-01-02 02:00:00,erp_export_v1.csv
2024-01-01,S002,C001,EAST,31,2384,68,2024-01-02 02:00:00,erp_export_v1.csv
2024-01-01,S003,C001,EAST,58,1987,102,2024-01-02 02:00:00,erp_export_v1.csv
2024-01-01,S004,C001,EAST,54,1730,108,2024-01-02 02:00:00,erp_export_v1.csv
2024-01-01,S005,C001,EAST,56,801,81,2024-01-02 02:00:00,erp_export_v1.csv
2024-01-01,S001,C002,NORTH,34,1226,88,2024-01-02 02:00:00,erp_export_v1.csv
2024-01-01,S002,C002,NORTH,42,2442,88,2024-01-02 02:00:00,erp_export_v1.csv
2024-01-01,S003,C002,NORTH,49,1949,71,2024-01-02 02:00:00,erp_export_v1.csv
2024-01-01,S004,C002,NORTH,72,1532,125,2024-01-02 02:00:00,erp_export_v1.csv
2024-01-01,S005,C002,NORTH,79,725,132,2024-01-02 02:00:00,erp_export_v1.csv
2024-01-01,S001,C003,WEST,44,1269,86,2024-01-02 02:00:00,erp_export_v1.csv
2024-01-01,S002,C003,WEST,42,2449,73,2024-01-02 02:00:00,erp_export_v1.csv
2024-01-01,S003,C003,WEST,75,1755,103,2024-01-02 02:00:00,erp_export_v1.csv
2024-01-01,S004,C003,WEST,62,1726,111,2024-01-02 02:00:00,erp_export_v1.csv
2024-01-01,S005,C003,WEST,87,808,146,2024-01-02 02:00:00,erp_export_v1.csv
2024-01-08,S001,C001,EAST,25,1263,74,2024-01-09 02:00:00,erp_export_v1.csv
2024-01-08,S002,C001,EAST,27,2370,82,2024-01-09 02:00:00,erp_export_v1.csv
2024-01-08,S003,C001,EAST,40,1969,81,2024-01-09 02:00:00,erp_export_v1.csv
2024-01-08,S004,C001,EAST,45,1693,103,2024-01-09 02:00:00,erp_export_v1.csv
2024-01-08,S005,C001,EAST,46,819,89,2024-01-09 02:00:00,erp_export_v1.csv
2024-01-08,S001,C002,NORTH,28,1253,68,2024-01-09 02:00:00,erp_export_v1.csv
2024-01-08,S002,C002,NORTH,46,2374,78,2024-01-09 02:00:00,erp_export_v1.csv
2024-01-08,S003,C002,NORTH,55,1940,86,2024-01-09 02:00:00,erp_export_v1.csv
2024-01-08,S004,C002,NORTH,53,1680,91,2024-01-09 02:00:00,erp_export_v1.csv
2024-01-08,S005,C002,NORTH,58,814,89,2024-01-09 02:00:00,erp_export_v1.csv
2024-01-08,S001,C003,WEST,45,1266,68,2024-01-09 02:00:00,erp_export_v1.csv
2024-01-08,S002,C003,WEST,50,2387,106,2024-01-09 02:00:00,erp_export_v1.csv
2024-01-08,S003,C003,WEST,44,1996,76,2024-01-09 02:00:00,erp_export_v1.csv
2024-01-08,S004,C003,WEST,54,1700,102,2024-01-09 02:00:00,erp_export_v1.csv
2024-01-08,S005,C003,WEST,64,824,109,2024-01-09 02:00:00,erp_export_v1.csv
2024-01-15,S001,C001,EAST,30,1271,53,2024-01-16 02:00:00,erp_export_v1.csv
2024-01-15,S002,C001,EAST,36,2440,60,2024-01-16 02:00:00,erp_export_v1.csv
2024-01-15,S003,C001,EAST,41,1987,71,2024-01-16 02:00:00,erp_export_v1.csv
2024-01-15,S004,C001,EAST,50,1686,88,2024-01-16 02:00:00,erp_export_v1.csv
2024-01-15,S005,C001,EAST,44,817,103,2024-01-16 02:00:00,erp_export_v1.csv
2024-01-15,S001,C002,NORTH,35,1229,63,2024-01-16 02:00:00,erp_export_v1.csv
2024-01-15,S002,C002,NORTH,42,2415,83,2024-01-16 02:00:00,erp_export_v1.csv
2024-01-15,S003,C002,NORTH,41,1983,65,2024-01-16 02:00:00,erp_export_v1.csv
2024-01-15,S004,C002,NORTH,50,1702,78,2024-01-16 02:00:00,erp_export_v1.csv
2024-01-15,S005,C002,NORTH,56,823,92,2024-01-16 02:00:00,erp_export_v1.csv
2024-01-15,S001,C003,WEST,45,1246,79,2024-01-16 02:00:00,erp_export_v1.csv
2024-01-15,S002,C003,WEST,52,2418,82,2024-01-16 02:00:00,erp_export_v1.csv
2024-01-15,S003,C003,WEST,48,1953,76,2024-01-16 02:00:00,erp_export_v1.csv
2024-01-15,S004,C003,WEST,64,1676,103,2024-01-16 02:00:00,erp_export_v1.csv
2024-01-15,S005,C003,WEST,73,824,96,2024-01-16 02:00:00,erp_export_v1.csv
2024-01-22,S001,C001,EAST,28,1262,67,2024-01-23 02:00:00,erp_export_v1.csv
2024-01-22,S002,C001,EAST,32,2389,74,2024-01-23 02:00:00,erp_export_v1.csv
2024-01-22,S003,C001,EAST,40,1956,90,2024-01-23 02:00:00,erp_export_v1.csv
2024-01-22,S004,C001,EAST,49,1725,104,2024-01-23 02:00:00,erp_export_v1.csv
2024-01-22,S005,C001,EAST,45,801,84,2024-01-23 02:00:00,erp_export_v1.csv
2024-01-22,S001,C002,NORTH,38,1268,58,2024-01-23 02:00:00,erp_export_v1.csv
2024-01-22,S002,C002,NORTH,35,2436,64,2024-01-23 02:00:00,erp_export_v1.csv
2024-01-22,S003,C002,NORTH,55,1995,111,2024-01-23 02:00:00,erp_export_v1.csv
2024-01-22,S004,C002,NORTH,54,1700,83,2024-01-23 02:00:00,erp_export_v1.csv
2024-01-22,S005,C002,NORTH,62,814,119,2024-01-23 02:00:00,erp_export_v1.csv
2024-01-22,S001,C003,WEST,40,1239,79,2024-01-23 02:00:00,erp_export_v1.csv
2024-01-22,S002,C003,WEST,62,2382,109,2024-01-23 02:00:00,erp_export_v1.csv
2024-01-22,S003,C003,WEST,63,1957,105,2024-01-23 02:00:00,erp_export_v1.csv
2024-01-22,S004,C003,WEST,79,1688,127,2024-01-23 02:00:00,erp_export_v1.csv
2024-01-22,S005,C003,WEST,91,811,113,2024-01-23 02:00:00,erp_export_v1.csv
2024-01-29,S001,C001,EAST,30,1256,60,2024-01-30 02:00:00,erp_export_v1.csv
2024-01-29,S002,C001,EAST,33,2388,87,2024-01-30 02:00:00,erp_export_v1.csv
2024-01-29,S003,C001,EAST,62,1786,119,2024-01-30 02:00:00,erp_export_v1.csv
2024-01-29,S004,C001,EAST,37,1676,64,2024-01-30 02:00:00,erp_export_v1.csv
2024-01-29,S005,C001,EAST,52,812,74,2024-01-30 02:00:00,erp_export_v1.csv
2024-01-29,S001,C002,NORTH,35,1241,83,2024-01-30 02:00:00,erp_export_v1.csv
2024-01-29,S002,C002,NORTH,45,2360,96,2024-01-30 02:00:00,erp_export_v1.csv
2024-01-29,S003,C002,NORTH,55,1939,110,2024-01-30 02:00:00,erp_export_v1.csv
2024-01-29,S004,C002,NORTH,56,1677,109,2024-01-30 02:00:00,erp_export_v1.csv
2024-01-29,S005,C002,NORTH,74,824,111,2024-01-30 02:00:00,erp_export_v1.csv
2024-01-29,S001,C003,WEST,50,1127,80,2024-01-30 02:00:00,erp_export_v1.csv
2024-01-29,S002,C003,WEST,64,2365,111,2024-01-30 02:00:00,erp_export_v1.csv
2024-01-29,S003,C003,WEST,62,1931,110,2024-01-30 02:00:00,erp_export_v1.csv
2024-01-29,S004,C003,WEST,86,1542,114,2024-01-30 02:00:00,erp_export_v1.csv
2024-01-29,S005,C003,WEST,81,824,112,2024-01-30 02:00:00,erp_export_v1.csv
2024-02-05,S001,C001,EAST,21,1230,71,2024-02-06 02:00:00,erp_export_v1.csv
2024-02-05,S002,C001,EAST,50,2366,79,2024-02-06 02:00:00,erp_export_v1.csv
2024-02-05,S003,C001,EAST,71,1785,107,2024-02-06 02:00:00,erp_export_v1.csv
2024-02-05,S004,C001,EAST,47,1705,79,2024-02-06 02:00:00,erp_export_v1.csv
2024-02-05,S005,C001,EAST,41,814,64,2024-02-06 02:00:00,erp_export_v1.csv
2024-02-05,S001,C002,NORTH,36,1256,62,2024-02-06 02:00:00,erp_export_v1.csv
2024-02-05,S002,C002,NORTH,45,2376,88,2024-02-06 02:00:00,erp_export_v1.csv
2024-02-05,S003,C002,NORTH,50,1977,100,2024-02-06 02:00:00,erp_export_v1.csv
2024-02-05,S004,C002,NORTH,57,1706,89,2024-02-06 02:00:00,erp_export_v1.csv
2024-02-05,S005,C002,NORTH,77,728,128,2024-02-06 02:00:00,erp_export_v1.csv
2024-02-05,S001,C003,WEST,63,1116,99,2024-02-06 02:00:00,erp_export_v1.csv
2024-02-05,S002,C003,WEST,54,2431,102,2024-02-06 02:00:00,erp_export_v1.csv
2024-02-05,S003,C003,WEST,56,1985,100,2024-02-06 02:00:00,erp_export_v1.csv
2024-02-05,S004,C003,WEST,88,1510,126,2024-02-06 02:00:00,erp_export_v1.csv
2024-02-05,S005,C003,WEST,79,824,129,2024-02-06 02:00:00,erp_export_v1.csv
2024-02-12,S001,C001,EAST,41,1110,64,2024-02-13 02:00:00,erp_export_v1.csv
2024-02-12,S002,C001,EAST,38,2400,74,2024-02-13 02:00:00,erp_export_v1.csv
2024-02-12,S003,C001,EAST,48,1734,89,2024-02-13 02:00:00,erp_export_v1.csv
2024-02-12,S004,C001,EAST,69,1546,115,2024-02-13 02:00:00,erp_export_v1.csv
2024-02-12,S005,C001,EAST,41,815,79,2024-02-13 02:00:00,erp_export_v1.csv
2024-02-12,S001,C002,NORTH,30,1263,52,2024-02-13 02:00:00,erp_export_v1.csv
2024-02-12,S002,C002,NORTH,57,2128,99,2024-02-13 02:00:00,erp_export_v1.csv
2024-02-12,S003,C002,NORTH,59,1946,87,2024-02-13 02:00:00,erp_export_v1.csv
2024-02-12,S004,C002,NORTH,66,1726,124,2024-02-13 02:00:00,erp_export_v1.csv
2024-02-12,S005,C002,NORTH,80,744,136,2024-02-13 02:00:00,erp_export_v1.csv
2024-02-12,S001,C003,WEST,49,1258,74,2024-02-13 02:00:00,erp_export_v1.csv
2024-02-12,S002,C003,WEST,50,2369,99,2024-02-13 02:00:00,erp_export_v1.csv
2024-02-12,S003,C003,WEST,73,1736,94,2024-02-13 02:00:00,erp_export_v1.csv
2024-02-12,S004,C003,WEST,80,1539,127,2024-02-13 02:00:00,erp_export_v1.csv
2024-02-12,S005,C003,WEST,99,718,141,2024-02-13 02:00:00,erp_export_v1.csv
2024-02-19,S001,C001,EAST,41,1123,89,2024-02-20 02:00:00,erp_export_v1.csv
2024-02-19,S002,C001,EAST,34,2414,92,2024-02-20 02:00:00,erp_export_v1.csv
2024-02-19,S003,C001,EAST,39,1986,91,2024-02-20 02:00:00,erp_export_v1.csv
2024-02-19,S004,C001,EAST,74,1533,96,2024-02-20 02:00:00,erp_export_v1.csv
2024-02-19,S005,C001,EAST,53,812,91,2024-02-20 02:00:00,erp_export_v1.csv
2024-02-19,S001,C002,NORTH,41,1249,83,2024-02-20 02:00:00,erp_export_v1.csv
2024-02-19,S002,C002,NORTH,69,2131,122,2024-02-20 02:00:00,erp_export_v1.csv
2024-02-19,S003,C002,NORTH,49,1963,85,2024-02-20 02:00:00,erp_export_v1.csv
2024-02-19,S004,C002,NORTH,53,1677,77,2024-02-20 02:00:00,erp_export_v1.csv
2024-02-19,S005,C002,NORTH,70,812,103,2024-02-20 02:00:00,erp_export_v1.csv
2024-02-19,S001,C003,WEST,44,1243,74,2024-02-20 02:00:00,erp_export_v1.csv
2024-02-19,S002,C003,WEST,55,2364,103,2024-02-20 02:00:00,erp_export_v1.csv
2024-02-19,S003,C003,WEST,90,1758,144,2024-02-20 02:00:00,erp_export_v1.csv
2024-02-19,S004,C003,WEST,76,1676,128,2024-02-20 02:00:00,erp_export_v1.csv
2024-02-19,S005,C003,WEST,104,741,153,2024-02-20 02:00:00,erp_export_v1.csv
2024-02-26,S001,C001,EAST,49,1117,90,2024-02-27 02:00:00,erp_export_v1.csv
2024-02-26,S002,C001,EAST,43,2393,88,2024-02-27 02:00:00,erp_export_v1.csv
2024-02-26,S003,C001,EAST,58,1952,110,2024-02-27 02:00:00,erp_export_v1.csv
2024-02-26,S004,C001,EAST,90,1517,115,2024-02-27 02:00:00,erp_export_v1.csv
2024-02-26,S005,C001,EAST,57,821,114,2024-02-27 02:00:00,erp_export_v1.csv
2024-02-26,S001,C002,NORTH,48,1224,79,2024-02-27 02:00:00,erp_export_v1.csv
2024-02-26,S002,C002,NORTH,50,2358,81,2024-02-27 02:00:00,erp_export_v1.csv
2024-02-26,S003,C002,NORTH,72,1981,112,2024-02-27 02:00:00,erp_export_v1.csv
2024-02-26,S004,C002,NORTH,87,1716,145,2024-02-27 02:00:00,erp_export_v1.csv
2024-02-26,S005,C002,NORTH,94,814,138,2024-02-27 02:00:00,erp_export_v1.csv
2024-02-26,S001,C003,WEST,57,1274,88,2024-02-27 02:00:00,erp_export_v1.csv
2024-02-26,S002,C003,WEST,81,2448,138,2024-02-27 02:00:00,erp_export_v1.csv
2024-02-26,S003,C003,WEST,79,1983,117,2024-02-27 02:00:00,erp_export_v1.csv
2024-02-26,S004,C003,WEST,108,1715,130,2024-02-27 02:00:00,erp_export_v1.csv
2024-02-26,S005,C003,WEST,108,812,147,2024-02-27 02:00:00,erp_export_v1.csv
2024-03-04,S001,C001,EAST,24,1247,69,2024-03-05 02:00:00,erp_export_v1.csv
2024-03-04,S002,C001,EAST,41,2379,71,2024-03-05 02:00:00,erp_export_v1.csv
2024-03-04,S003,C001,EAST,55,1950,112,2024-03-05 02:00:00,erp_export_v1.csv
2024-03-04,S004,C001,EAST,38,1688,92,2024-03-05 02:00:00,erp_export_v1.csv
2024-03-04,S005,C001,EAST,53,813,108,2024-03-05 02:00:00,erp_export_v1.csv
2024-03-04,S001,C002,NORTH,42,1236,62,2024-03-05 02:00:00,erp_export_v1.csv
2024-03-04,S002,C002,NORTH,46,2371,94,2024-03-05 02:00:00,erp_export_v1.csv
2024-03-04,S003,C002,NORTH,58,1980,113,2024-03-05 02:00:00,erp_export_v1.csv
2024-03-04,S004,C002,NORTH,63,1717,107,2024-03-05 02:00:00,erp_export_v1.csv
2024-03-04,S005,C002,NORTH,79,800,126,2024-03-05 02:00:00,erp_export_v1.csv
2024-03-04,S001,C003,WEST,50,1230,78,2024-03-05 02:00:00,erp_export_v1.csv
2024-03-04,S002,C003,WEST,54,2395,111,2024-03-05 02:00:00,erp_export_v1.csv
2024-03-04,S003,C003,WEST,64,1966,99,2024-03-05 02:00:00,erp_export_v1.csv
2024-03-04,S004,C003,WEST,74,1688,129,2024-03-05 02:00:00,erp_export_v1.csv
2024-03-04,S005,C003,WEST,93,803,116,2024-03-05 02:00:00,erp_export_v1.csv
2024-03-11,S001,C001,EAST,43,1241,89,2024-03-12 02:00:00,erp_export_v1.csv
2024-03-11,S002,C001,EAST,48,2431,105,2024-03-12 02:00:00,erp_export_v1.csv
2024-03-11,S003,C001,EAST,49,1988,102,2024-03-12 02:00:00,erp_export_v1.csv
2024-03-11,S004,C001,EAST,60,1667,115,2024-03-12 02:00:00,erp_export_v1.csv
2024-03-11,S005,C001,EAST,51,803,98,2024-03-12 02:00:00,erp_export_v1.csv
2024-03-11,S001,C002,NORTH,40,1255,73,2024-03-12 02:00:00,erp_export_v1.csv
2024-03-11,S002,C002,NORTH,33,2421,75,2024-03-12 02:00:00,erp_export_v1.csv
2024-03-11,S003,C002,NORTH,49,1932,74,2024-03-12 02:00:00,erp_export_v1.csv
2024-03-11,S004,C002,NORTH,70,1723,121,2024-03-12 02:00:00,erp_export_v1.csv
2024-03-11,S005,C002,NORTH,64,812,117,2024-03-12 02:00:00,erp_export_v1.csv
2024-03-11,S001,C003,WEST,41,1235,83,2024-03-12 02:00:00,erp_export_v1.csv
2024-03-11,S002,C003,WEST,56,2423,92,2024-03-12 02:00:00,erp_export_v1.csv
2024-03-11,S003,C003,WEST,75,1987,129,2024-03-12 02:00:00,erp_export_v1.csv
2024-03-11,S004,C003,WEST,94,1713,129,2024-03-12 02:00:00,erp_export_v1.csv
2024-03-11,S005,C003,WEST,83,796,134,2024-03-12 02:00:00,erp_export_v1.csv
2024-03-18,S001,C001,EAST,37,1268,73,2024-03-19 02:00:00,erp_export_v1.csv
2024-03-18,S002,C001,EAST,29,2401,60,2024-03-19 02:00:00,erp_export_v1.csv
2024-03-18,S003,C001,EAST,64,1995,92,2024-03-19 02:00:00,erp_export_v1.csv
2024-03-18,S004,C001,EAST,61,1691,110,2024-03-19 02:00:00,erp_export_v1.csv
2024-03-18,S005,C001,EAST,77,809,100,2024-03-19 02:00:00,erp_export_v1.csv
2024-03-18,S001,C002,NORTH,43,1234,75,2024-03-19 02:00:00,erp_export_v1.csv
2024-03-18,S002,C002,NORTH,51,2386,99,2024-03-19 02:00:00,erp_export_v1.csv
2024-03-18,S003,C002,NORTH,71,1982,107,2024-03-19 02:00:00,erp_export_v1.csv
2024-03-18,S004,C002,NORTH,72,1714,120,2024-03-19 02:00:00,erp_export_v1.csv
2024-03-18,S005,C002,NORTH,88,814,115,2024-03-19 02:00:00,erp_export_v1.csv
2024-03-18,S001,C003,WEST,47,1233,91,2024-03-19 02:00:00,erp_export_v1.csv
2024-03-18,S002,C003,WEST,76,2399,102,2024-03-19 02:00:00,erp_export_v1.csv
2024-03-18,S003,C003,WEST,77,2000,103,2024-03-19 02:00:00,erp_export_v1.csv
2024-03-18,S004,C003,WEST,76,1667,111,2024-03-19 02:00:00,erp_export_v1.csv
2024-03-18,S005,C003,WEST,87,825,116,2024-03-19 02:00:00,erp_export_v1.csv
2024-03-25,S001,C001,EAST,31,1261,65,2024-03-26 02:00:00,erp_export_v1.csv
2024-03-25,S002,C001,EAST,36,2366,86,2024-03-26 02:00:00,erp_export_v1.csv
2024-03-25,S003,C001,EAST,81,1771,112,2024-03-26 02:00:00,erp_export_v1.csv
2024-03-25,S004,C001,EAST,54,1687,85,2024-03-26 02:00:00,erp_export_v1.csv
2024-03-25,S005,C001,EAST,62,818,95,2024-03-26 02:00:00,erp_export_v1.csv
2024-03-25,S001,C002,NORTH,42,1226,69,2024-03-26 02:00:00,erp_export_v1.csv
2024-03-25,S002,C002,NORTH,63,2365,91,2024-03-26 02:00:00,erp_export_v1.csv
2024-03-25,S003,C002,NORTH,52,1742,77,2024-03-26 02:00:00,erp_export_v1.csv
2024-03-25,S004,C002,NORTH,100,1526,126,2024-03-26 02:00:00,erp_export_v1.csv
2024-03-25,S005,C002,NORTH,97,724,126,2024-03-26 02:00:00,erp_export_v1.csv
2024-03-25,S001,C003,WEST,55,1259,104,2024-03-26 02:00:00,erp_export_v1.csv
2024-03-25,S002,C003,WEST,59,2436,111,2024-03-26 02:00:00,erp_export_v1.csv
2024-03-25,S003,C003,WEST,81,1989,118,2024-03-26 02:00:00,erp_export_v1.csv
2024-03-25,S004,C003,WEST,77,1687,112,2024-03-26 02:00:00,erp_export_v1.csv
2024-03-25,S005,C003,WEST,80,819,120,2024-03-26 02:00:00,erp_export_v1.csv
2024-04-01,S001,C001,EAST,35,1236,82,2024-04-02 02:00:00,erp_export_v1.csv
2024-04-01,S002,C001,EAST,50,2411,76,2024-04-02 02:00:00,erp_export_v1.csv
2024-04-01,S003,C001,EAST,77,1789,103,2024-04-02 02:00:00,erp_export_v1.csv
2024-04-01,S004,C001,EAST,53,1729,77,2024-04-02 02:00:00,erp_export_v1.csv
2024-04-01,S005,C001,EAST,69,827,93,2024-04-02 02:00:00,erp_export_v1.csv
2024-04-01,S001,C002,NORTH,36,1117,76,2024-04-02 02:00:00,erp_export_v1.csv
2024-04-01,S002,C002,NORTH,58,2429,92,2024-04-02 02:00:00,erp_export_v1.csv
2024-04-01,S003,C002,NORTH,75,1793,106,2024-04-02 02:00:00,erp_export_v1.csv
2024-04-01,S004,C002,NORTH,89,1549,123,2024-04-02 02:00:00,erp_export_v1.csv
2024-04-01,S005,C002,NORTH,98,732,148,2024-04-02 02:00:00,erp_export_v1.csv
2024-04-01,S001,C003,WEST,38,1257,91,2024-04-02 02:00:00,erp_export_v1.csv
2024-04-01,S002,C003,WEST,48,2369,84,2024-04-02 02:00:00,erp_export_v1.csv
2024-04-01,S003,C003,WEST,64,1993,96,2024-04-02 02:00:00,erp_export_v1.csv
2024-04-01,S004,C003,WEST,78,1678,123,2024-04-02 02:00:00,erp_export_v1.csv
2024-04-01,S005,C003,WEST,73,805,113,2024-04-02 02:00:00,erp_export_v1.csv
2024-04-08,S001,C001,EAST,44,1135,77,2024-04-09 02:00:00,erp_export_v1.csv
2024-04-08,S002,C001,EAST,43,2392,64,2024-04-09 02:00:00,erp_export_v1.csv
2024-04-08,S003,C001,EAST,70,1774,111,2024-04-09 02:00:00,erp_export_v1.csv
2024-04-08,S004,C001,EAST,61,1680,110,2024-04-09 02:00:00,erp_export_v1.csv
2024-04-08,S005,C001,EAST,55,807,87,2024-04-09 02:00:00,erp_export_v1.csv
2024-04-08,S001,C002,NORTH,55,1119,83,2024-04-09 02:00:00,erp_export_v1.csv
2024-04-08,S002,C002,NORTH,85,2150,116,2024-04-09 02:00:00,erp_export_v1.csv
2024-04-08,S003,C002,NORTH,84,1771,120,2024-04-09 02:00:00,erp_export_v1.csv
2024-04-08,S004,C002,NORTH,89,1520,148,2024-04-09 02:00:00,erp_export_v1.csv
2024-04-08,S005,C002,NORTH,104,745,154,2024-04-09 02:00:00,erp_export_v1.csv
2024-04-08,S001,C003,WEST,36,1265,77,2024-04-09 02:00:00,erp_export_v1.csv
2024-04-08,S002,C003,WEST,61,2374,87,2024-04-09 02:00:00,erp_export_v1.csv
2024-04-08,S003,C003,WEST,79,1946,104,2024-04-09 02:00:00,erp_export_v1.csv
2024-04-08,S004,C003,WEST,70,1714,109,2024-04-09 02:00:00,erp_export_v1.csv
2024-04-08,S005,C003,WEST,128,718,178,2024-04-09 02:00:00,erp_export_v1.csv
2024-04-15,S001,C001,EAST,39,1133,81,2024-04-16 02:00:00,erp_export_v1.csv
2024-04-15,S002,C001,EAST,34,2361,89,2024-04-16 02:00:00,erp_export_v1.csv
2024-04-15,S003,C001,EAST,48,1966,81,2024-04-16 02:00:00,erp_export_v1.csv
2024-04-15,S004,C001,EAST,56,1669,114,2024-04-16 02:00:00,erp_export_v1.csv
2024-04-15,S005,C001,EAST,67,815,92,2024-04-16 02:00:00,erp_export_v1.csv
2024-04-15,S001,C002,NORTH,48,1265,88,2024-04-16 02:00:00,erp_export_v1.csv
2024-04-15,S002,C002,NORTH,72,2121,120,2024-04-16 02:00:00,erp_export_v1.csv
2024-04-15,S003,C002,NORTH,56,1986,79,2024-04-16 02:00:00,erp_export_v1.csv
2024-04-15,S004,C002,NORTH,59,1696,118,2024-04-16 02:00:00,erp_export_v1.csv
2024-04-15,S005,C002,NORTH,67,804,108,2024-04-16 02:00:00,erp_export_v1.csv
2024-04-15,S001,C003,WEST,43,1270,80,2024-04-16 02:00:00,erp_export_v1.csv
2024-04-15,S002,C003,WEST,60,2408,103,2024-04-16 02:00:00,erp_export_v1.csv
2024-04-15,S003,C003,WEST,73,1964,116,2024-04-16 02:00:00,erp_export_v1.csv
2024-04-15,S004,C003,WEST,76,1724,128,2024-04-16 02:00:00,erp_export_v1.csv
2024-04-15,S005,C003,WEST,116,730,154,2024-04-16 02:00:00,erp_export_v1.csv
2024-04-22,S001,C001,EAST,58,1106,115,2024-04-23 02:00:00,erp_export_v1.csv
2024-04-22,S002,C001,EAST,58,2433,88,2024-04-23 02:00:00,erp_export_v1.csv
2024-04-22,S003,C001,EAST,47,1944,79,2024-04-23 02:00:00,erp_export_v1.csv
2024-04-22,S004,C001,EAST,80,1697,133,2024-04-23 02:00:00,erp_export_v1.csv
2024-04-22,S005,C001,EAST,78,826,132,2024-04-23 02:00:00,erp_export_v1.csv
2024-04-22,S001,C002,NORTH,48,1268,80,2024-04-23 02:00:00,erp_export_v1.csv
2024-04-22,S002,C002,NORTH,59,2421,88,2024-04-23 02:00:00,erp_export_v1.csv
2024-04-22,S003,C002,NORTH,70,1991,129,2024-04-23 02:00:00,erp_export_v1.csv
2024-04-22,S004,C002,NORTH,110,1707,147,2024-04-23 02:00:00,erp_export_v1.csv
2024-04-22,S005,C002,NORTH,101,815,140,2024-04-23 02:00:00,erp_export_v1.csv
2024-04-22,S001,C003,WEST,43,1253,80,2024-04-23 02:00:00,erp_export_v1.csv
2024-04-22,S002,C003,WEST,81,2361,127,2024-04-23 02:00:00,erp_export_v1.csv
2024-04-22,S003,C003,WEST,77,1949,124,2024-04-23 02:00:00,erp_export_v1.csv
2024-04-22,S004,C003,WEST,103,1693,148,2024-04-23 02:00:00,erp_export_v1.csv
2024-04-22,S005,C003,WEST,158,738,210,2024-04-23 02:00:00,erp_export_v1.csv
2024-04-29,S001,C001,EAST,35,1237,91,2024-04-30 02:00:00,erp_export_v1.csv
2024-04-29,S002,C001,EAST,38,2382,92,2024-04-30 02:00:00,erp_export_v1.csv
2024-04-29,S003,C001,EAST,47,1951,102,2024-04-30 02:00:00,erp_export_v1.csv
2024-04-29,S004,C001,EAST,40,1678,61,2024-04-30 02:00:00,erp_export_v1.csv
2024-04-29,S005,C001,EAST,60,823,116,2024-04-30 02:00:00,erp_export_v1.csv
2024-04-29,S001,C002,NORTH,44,1247,64,2024-04-30 02:00:00,erp_export_v1.csv
2024-04-29,S002,C002,NORTH,40,2437,96,2024-04-30 02:00:00,erp_export_v1.csv
2024-04-29,S003,C002,NORTH,65,1991,88,2024-04-30 02:00:00,erp_export_v1.csv
2024-04-29,S004,C002,NORTH,63,1692,111,2024-04-30 02:00:00,erp_export_v1.csv
2024-04-29,S005,C002,NORTH,71,804,91,2024-04-30 02:00:00,erp_export_v1.csv
2024-04-29,S001,C003,WEST,56,1271,87,2024-04-30 02:00:00,erp_export_v1.csv
2024-04-29,S002,C003,WEST,59,2370,107,2024-04-30 02:00:00,erp_export_v1.csv
2024-04-29,S003,C003,WEST,63,1984,90,2024-04-30 02:00:00,erp_export_v1.csv
2024-04-29,S004,C003,WEST,77,1667,105,2024-04-30 02:00:00,erp_export_v1.csv
2024-04-29,S005,C003,WEST,88,828,117,2024-04-30 02:00:00,erp_export_v1.csv
2024-05-06,S001,C001,EAST,28,1266,69,2024-05-07 02:00:00,erp_export_v1.csv
2024-05-06,S002,C001,EAST,55,2445,96,2024-05-07 02:00:00,erp_export_v1.csv
2024-05-06,S003,C001,EAST,52,1959,103,2024-05-07 02:00:00,erp_export_v1.csv
2024-05-06,S004,C001,EAST,51,1679,71,2024-05-07 02:00:00,erp_export_v1.csv
2024-05-06,S005,C001,EAST,60,826,115,2024-05-07 02:00:00,erp_export_v1.csv
2024-05-06,S001,C002,NORTH,38,1268,69,2024-05-07 02:00:00,erp_export_v1.csv
2024-05-06,S002,C002,NORTH,64,2382,104,2024-05-07 02:00:00,erp_export_v1.csv
2024-05-06,S003,C002,NORTH,58,1980,110,2024-05-07 02:00:00,erp_export_v1.csv
2024-05-06,S004,C002,NORTH,66,1678,99,2024-05-07 02:00:00,erp_export_v1.csv
2024-05-06,S005,C002,NORTH,69,812,115,2024-05-07 02:00:00,erp_export_v1.csv
2024-05-06,S001,C003,WEST,44,1224,89,2024-05-07 02:00:00,erp_export_v1.csv
2024-05-06,S002,C003,WEST,47,2395,70,2024-05-07 02:00:00,erp_export_v1.csv
2024-05-06,S003,C003,WEST,77,1986,103,2024-05-07 02:00:00,erp_export_v1.csv
2024-05-06,S004,C003,WEST,72,1689,93,2024-05-07 02:00:00,erp_export_v1.csv
2024-05-06,S005,C003,WEST,85,821,131,2024-05-07 02:00:00,erp_export_v1.csv
2024-05-13,S001,C001,EAST,30,1269,69,2024-05-14 02:00:00,erp_export_v1.csv
2024-05-13,S002,C001,EAST,44,2356,83,2024-05-14 02:00:00,erp_export_v1.csv
2024-05-13,S003,C001,EAST,46,1981,87,2024-05-14 02:00:00,erp_export_v1.csv
2024-05-13,S004,C001,EAST,49,1693,72,2024-05-14 02:00:00,erp_export_v1.csv
2024-05-13,S005,C001,EAST,50,819,104,2024-05-14 02:00:00,erp_export_v1.csv
2024-05-13,S001,C002,NORTH,43,1260,90,2024-05-14 02:00:00,erp_export_v1.csv
2024-05-13,S002,C002,NORTH,47,2449,83,2024-05-14 02:00:00,erp_export_v1.csv
2024-05-13,S003,C002,NORTH,77,1964,123,2024-05-14 02:00:00,erp_export_v1.csv
2024-05-13,S004,C002,NORTH,61,1688,91,2024-05-14 02:00:00,erp_export_v1.csv
2024-05-13,S005,C002,NORTH,50,803,95,2024-05-14 02:00:00,erp_export_v1.csv
2024-05-13,S001,C003,WEST,42,1238,68,2024-05-14 02:00:00,erp_export_v1.csv
2024-05-13,S002,C003,WEST,58,2384,116,2024-05-14 02:00:00,erp_export_v1.csv
2024-05-13,S003,C003,WEST,55,1983,78,2024-05-14 02:00:00,erp_export_v1.csv
2024-05-13,S004,C003,WEST,64,1704,95,2024-05-14 02:00:00,erp_export_v1.csv
2024-05-13,S005,C003,WEST,87,827,129,2024-05-14 02:00:00,erp_export_v1.csv
2024-05-20,S001,C001,EAST,32,1256,69,2024-05-21 02:00:00,erp_export_v1.csv
2024-05-20,S002,C001,EAST,32,2434,85,2024-05-21 02:00:00,erp_export_v1.csv
2024-05-20,S003,C001,EAST,42,1963,89,2024-05-21 02:00:00,erp_export_v1.csv
2024-05-20,S004,C001,EAST,62,1716,96,2024-05-21 02:00:00,erp_export_v1.csv
2024-05-20,S005,C001,EAST,57,821,107,2024-05-21 02:00:00,erp_export_v1.csv
2024-05-20,S001,C002,NORTH,46,1256,88,2024-05-21 02:00:00,erp_export_v1.csv
2024-05-20,S002,C002,NORTH,44,2401,98,2024-05-21 02:00:00,erp_export_v1.csv
2024-05-20,S003,C002,NORTH,54,2000,108,2024-05-21 02:00:00,erp_export_v1.csv
2024-05-20,S004,C002,NORTH,66,1664,87,2024-05-21 02:00:00,erp_export_v1.csv
2024-05-20,S005,C002,NORTH,78,796,125,2024-05-21 02:00:00,erp_export_v1.csv
2024-05-20,S001,C003,WEST,37,1234,68,2024-05-21 02:00:00,erp_export_v1.csv
2024-05-20,S002,C003,WEST,55,2383,76,2024-05-21 02:00:00,erp_export_v1.csv
2024-05-20,S003,C003,WEST,67,1949,93,2024-05-21 02:00:00,erp_export_v1.csv
2024-05-20,S004,C003,WEST,78,1691,116,2024-05-21 02:00:00,erp_export_v1.csv
2024-05-20,S005,C003,WEST,62,825,86,2024-05-21 02:00:00,erp_export_v1.csv
2024-05-27,S001,C001,EAST,22,1253,49,2024-05-28 02:00:00,erp_export_v1.csv
2024-05-27,S002,C001,EAST,40,2386,99,2024-05-28 02:00:00,erp_export_v1.csv
2024-05-27,S003,C001,EAST,38,1930,72,2024-05-28 02:00:00,erp_export_v1.csv
2024-05-27,S004,C001,EAST,57,1520,100,2024-05-28 02:00:00,erp_export_v1.csv
2024-05-27,S005,C001,EAST,93,717,136,2024-05-28 02:00:00,erp_export_v1.csv
2024-05-27,S001,C002,NORTH,56,1103,95,2024-05-28 02:00:00,erp_export_v1.csv
2024-05-27,S002,C002,NORTH,45,2388,71,2024-05-28 02:00:00,erp_export_v1.csv
2024-05-27,S003,C002,NORTH,92,1794,136,2024-05-28 02:00:00,erp_export_v1.csv
2024-05-27,S004,C002,NORTH,65,1663,118,2024-05-28 02:00:00,erp_export_v1.csv
2024-05-27,S005,C002,NORTH,75,812,112,2024-05-28 02:00:00,erp_export_v1.csv
2024-05-27,S001,C003,WEST,43,1235,79,2024-05-28 02:00:00,erp_export_v1.csv
2024-05-27,S002,C003,WEST,56,2428,82,2024-05-28 02:00:00,erp_export_v1.csv
2024-05-27,S003,C003,WEST,68,1991,110,2024-05-28 02:00:00,erp_export_v1.csv
2024-05-27,S004,C003,WEST,92,1501,147,2024-05-28 02:00:00,erp_export_v1.csv
2024-05-27,S005,C003,WEST,95,724,143,2024-05-28 02:00:00,erp_export_v1.csv
2024-06-03,S001,C001,EAST,32,1243,88,2024-06-04 02:00:00,erp_export_v1.csv
2024-06-03,S002,C001,EAST,55,2177,99,2024-06-04 02:00:00,erp_export_v1.csv
2024-06-03,S003,C001,EAST,38,1993,88,2024-06-04 02:00:00,erp_export_v1.csv
2024-06-03,S004,C001,EAST,68,1505,94,2024-06-04 02:00:00,erp_export_v1.csv
2024-06-03,S005,C001,EAST,57,724,111,2024-06-04 02:00:00,erp_export_v1.csv
2024-06-03,S001,C002,NORTH,54,1119,109,2024-06-04 02:00:00,erp_export_v1.csv
2024-06-03,S002,C002,NORTH,50,2432,100,2024-06-04 02:00:00,erp_export_v1.csv
2024-06-03,S003,C002,NORTH,61,1753,102,2024-06-04 02:00:00,erp_export_v1.csv
2024-06-03,S004,C002,NORTH,66,1668,93,2024-06-04 02:00:00,erp_export_v1.csv
2024-06-03,S005,C002,NORTH,67,826,115,2024-06-04 02:00:00,erp_export_v1.csv
2024-06-03,S001,C003,WEST,38,1271,73,2024-06-04 02:00:00,erp_export_v1.csv
2024-06-03,S002,C003,WEST,75,2203,120,2024-06-04 02:00:00,erp_export_v1.csv
2024-06-03,S003,C003,WEST,72,1771,127,2024-06-04 02:00:00,erp_export_v1.csv
2024-06-03,S004,C003,WEST,81,1547,130,2024-06-04 02:00:00,erp_export_v1.csv
2024-06-03,S005,C003,WEST,117,733,157,2024-06-04 02:00:00,erp_export_v1.csv
2024-06-10,S001,C001,EAST,28,1253,53,2024-06-11 02:00:00,erp_export_v1.csv
2024-06-10,S002,C001,EAST,43,2187,92,2024-06-11 02:00:00,erp_export_v1.csv
2024-06-10,S003,C001,EAST,41,1974,88,2024-06-11 02:00:00,erp_export_v1.csv
2024-06-10,S004,C001,EAST,60,1521,81,2024-06-11 02:00:00,erp_export_v1.csv
2024-06-10,S005,C001,EAST,67,745,102,2024-06-11 02:00:00,erp_export_v1.csv
2024-06-10,S001,C002,NORTH,46,1120,85,2024-06-11 02:00:00,erp_export_v1.csv
2024-06-10,S002,C002,NORTH,48,2437,89,2024-06-11 02:00:00,erp_export_v1.csv
2024-06-10,S003,C002,NORTH,54,1944,76,2024-06-11 02:00:00,erp_export_v1.csv
2024-06-10,S004,C002,NORTH,56,1698,114,2024-06-11 02:00:00,erp_export_v1.csv
2024-06-10,S005,C002,NORTH,70,818,119,2024-06-11 02:00:00,erp_export_v1.csv
2024-06-10,S001,C003,WEST,36,1255,92,2024-06-11 02:00:00,erp_export_v1.csv
2024-06-10,S002,C003,WEST,60,2121,101,2024-06-11 02:00:00,erp_export_v1.csv
2024-06-10,S003,C003,WEST,82,1766,106,2024-06-11 02:00:00,erp_export_v1.csv
2024-06-10,S004,C003,WEST,63,1701,101,2024-06-11 02:00:00,erp_export_v1.csv
2024-06-10,S005,C003,WEST,73,819,130,2024-06-11 02:00:00,erp_export_v1.csv
2024-06-17,S001,C001,EAST,38,1229,63,2024-06-18 02:00:00,erp_export_v1.csv
2024-06-17,S002,C001,EAST,55,2201,91,2024-06-18 02:00:00,erp_export_v1.csv
2024-06-17,S003,C001,EAST,53,1982,108,2024-06-18 02:00:00,erp_export_v1.csv
2024-06-17,S004,C001,EAST,50,1728,87,2024-06-18 02:00:00,erp_export_v1.csv
2024-06-17,S005,C001,EAST,72,821,100,2024-06-18 02:00:00,erp_export_v1.csv
2024-06-17,S001,C002,NORTH,54,1240,112,2024-06-18 02:00:00,erp_export_v1.csv
2024-06-17,S002,C002,NORTH,46,2411,99,2024-06-18 02:00:00,erp_export_v1.csv
2024-06-17,S003,C002,NORTH,64,1938,116,2024-06-18 02:00:00,erp_export_v1.csv
2024-06-17,S004,C002,NORTH,75,1664,113,2024-06-18 02:00:00,erp_export_v1.csv
2024-06-17,S005,C002,NORTH,71,812,105,2024-06-18 02:00:00,erp_export_v1.csv
2024-06-17,S001,C003,WEST,39,1262,95,2024-06-18 02:00:00,erp_export_v1.csv
2024-06-17,S002,C003,WEST,82,2204,131,2024-06-18 02:00:00,erp_export_v1.csv
2024-06-17,S003,C003,WEST,88,1962,138,2024-06-18 02:00:00,erp_export_v1.csv
2024-06-17,S004,C003,WEST,78,1669,104,2024-06-18 02:00:00,erp_export_v1.csv
2024-06-17,S005,C003,WEST,74,800,127,2024-06-18 02:00:00,erp_export_v1.csv
2024-06-24,S001,C001,EAST,26,1267,75,2024-06-25 02:00:00,erp_export_v1.csv
2024-06-24,S002,C001,EAST,47,2371,82,2024-06-25 02:00:00,erp_export_v1.csv
2024-06-24,S003,C001,EAST,38,1971,69,2024-06-25 02:00:00,erp_export_v1.csv
2024-06-24,S004,C001,EAST,48,1672,100,2024-06-25 02:00:00,erp_export_v1.csv
2024-06-24,S005,C001,EAST,51,798,91,2024-06-25 02:00:00,erp_export_v1.csv
2024-06-24,S001,C002,NORTH,32,1256,62,2024-06-25 02:00:00,erp_export_v1.csv
2024-06-24,S002,C002,NORTH,39,2365,61,2024-06-25 02:00:00,erp_export_v1.csv
2024-06-24,S003,C002,NORTH,49,1949,95,2024-06-25 02:00:00,erp_export_v1.csv
2024-06-24,S004,C002,NORTH,57,1675,85,2024-06-25 02:00:00,erp_export_v1.csv
2024-06-24,S005,C002,NORTH,74,812,116,2024-06-25 02:00:00,erp_export_v1.csv
2024-06-24,S001,C003,WEST,44,1259,82,2024-06-25 02:00:00,erp_export_v1.csv
2024-06-24,S002,C003,WEST,51,2431,100,2024-06-25 02:00:00,erp_export_v1.csv
2024-06-24,S003,C003,WEST,46,1936,83,2024-06-25 02:00:00,erp_export_v1.csv
2024-06-24,S004,C003,WEST,73,1692,97,2024-06-25 02:00:00,erp_export_v1.csv
2024-06-24,S005,C003,WEST,89,814,131,2024-06-25 02:00:00,erp_export_v1.csv
2024-07-01,S001,C001,EAST,22,1228,72,2024-07-02 02:00:00,erp_export_v1.csv
2024-07-01,S002,C001,EAST,39,2419,64,2024-07-02 02:00:00,erp_export_v1.csv
2024-07-01,S003,C001,EAST,36,1990,88,2024-07-02 02:00:00,erp_export_v1.csv
2024-07-01,S004,C001,EAST,56,1704,78,2024-07-02 02:00:00,erp_export_v1.csv
2024-07-01,S005,C001,EAST,50,807,84,2024-07-02 02:00:00,erp_export_v1.csv
2024-07-01,S001,C002,NORTH,35,1231,63,2024-07-02 02:00:00,erp_export_v1.csv
2024-07-01,S002,C002,NORTH,36,2391,95,2024-07-02 02:00:00,erp_export_v1.csv
2024-07-01,S003,C002,NORTH,44,1959,91,2024-07-02 02:00:00,erp_export_v1.csv
2024-07-01,S004,C002,NORTH,49,1674,84,2024-07-02 02:00:00,erp_export_v1.csv
2024-07-01,S005,C002,NORTH,62,823,90,2024-07-02 02:00:00,erp_export_v1.csv
2024-07-01,S001,C003,WEST,33,1239,81,2024-07-02 02:00:00,erp_export_v1.csv
2024-07-01,S002,C003,WEST,35,2380,69,2024-07-02 02:00:00,erp_export_v1.csv
2024-07-01,S003,C003,WEST,52,1928,77,2024-07-02 02:00:00,erp_export_v1.csv
2024-07-01,S004,C003,WEST,66,1706,114,2024-07-02 02:00:00,erp_export_v1.csv
2024-07-01,S005,C003,WEST,77,826,103,2024-07-02 02:00:00,erp_export_v1.csv
2024-07-08,S001,C001,EAST,19,1272,42,2024-07-09 02:00:00,erp_export_v1.csv
2024-07-08,S002,C001,EAST,34,2358,79,2024-07-09 02:00:00,erp_export_v1.csv
2024-07-08,S003,C001,EAST,29,1996,71,2024-07-09 02:00:00,erp_export_v1.csv
2024-07-08,S004,C001,EAST,57,1708,110,2024-07-09 02:00:00,erp_export_v1.csv
2024-07-08,S005,C001,EAST,66,826,111,2024-07-09 02:00:00,erp_export_v1.csv
2024-07-08,S001,C002,NORTH,34,1260,80,2024-07-09 02:00:00,erp_export_v1.csv
2024-07-08,S002,C002,NORTH,38,2361,92,2024-07-09 02:00:00,erp_export_v1.csv
2024-07-08,S003,C002,NORTH,43,1986,81,2024-07-09 02:00:00,erp_export_v1.csv
2024-07-08,S004,C002,NORTH,57,1707,112,2024-07-09 02:00:00,erp_export_v1.csv
2024-07-08,S005,C002,NORTH,66,797,119,2024-07-09 02:00:00,erp_export_v1.csv
2024-07-08,S001,C003,WEST,30,1242,71,2024-07-09 02:00:00,erp_export_v1.csv
2024-07-08,S002,C003,WEST,47,2364,84,2024-07-09 02:00:00,erp_export_v1.csv
2024-07-08,S003,C003,WEST,49,1943,83,2024-07-09 02:00:00,erp_export_v1.csv
2024-07-08,S004,C003,WEST,54,1714,84,2024-07-09 02:00:00,erp_export_v1.csv
2024-07-08,S005,C003,WEST,68,826,96,2024-07-09 02:00:00,erp_export_v1.csv
